mc	mn	quarterbeats	quarterbeats_all_endings	duration_qb	mc_onset	mn_onset	event	timesig	staff	voice	duration	gracenote	nominal_duration	scalar	chord_id	dynamics	articulation	staff_text	slur	Ottava:8va	decrescendo_hairpin	crescendo_hairpin
1	0	0	0	0.0	0	5/8	Dynamic	6/8	1	1	0					f						
1	0	0	0	0.0	0	5/8	StaffText	6/8	1	1	0							Allegro feroce				
1	0	0	0	0.5	0	5/8	Chord	6/8	1	1	1/8		1/8	1	0				0			
1	0	0	0	0.5	0	5/8	Chord	6/8	2	1	1/8		1/8	1	1				1			
2	1	1/2	1/2	0.25	0	0	Chord	6/8	1	1	1/16		1/16	1	2				0			
2	1	3/4	3/4	0.25	1/16	1/16	Chord	6/8	1	1	1/16		1/16	1	3				0			
2	1	1	1	0.25	1/8	1/8	Chord	6/8	1	1	1/16		1/16	1	4				0			
2	1	5/4	5/4	0.25	3/16	3/16	Chord	6/8	1	1	1/16		1/16	1	5				0			
2	1	3/2	3/2	0.25	1/4	1/4	Chord	6/8	1	1	1/16		1/16	1	6				0			
2	1	7/4	7/4	0.25	5/16	5/16	Chord	6/8	1	1	1/16		1/16	1	7				0			
2	1	2	2	0.25	3/8	3/8	Chord	6/8	1	1	1/16		1/16	1	8				0			
2	1	9/4	9/4	0.25	7/16	7/16	Chord	6/8	1	1	1/16		1/16	1	9				0			
2	1	5/2	5/2	0.25	1/2	1/2	Chord	6/8	1	1	1/16		1/16	1	10				0			
2	1	11/4	11/4	0.25	9/16	9/16	Chord	6/8	1	1	1/16		1/16	1	11				0			
2	1	3	3	0.25	5/8	5/8	Chord	6/8	1	1	1/16		1/16	1	12				0			
2	1	13/4	13/4	0.25	11/16	11/16	Chord	6/8	1	1	1/16		1/16	1	13				0			
2	1	1/2	1/2	1.0	0	0	Chord	6/8	2	1	1/4		1/4	1	14				1			
2	1	3/2	3/2	0.5	1/4	1/4	Chord	6/8	2	1	1/8		1/8	1	15				1			
2	1	2	2	1.0	3/8	3/8	Chord	6/8	2	1	1/4		1/4	1	16				1			
2	1	3	3	0.5	5/8	5/8	Chord	6/8	2	1	1/8		1/8	1	17				1			
3	2	7/2	7/2	0.25	0	0	Chord	6/8	1	1	1/16		1/16	1	18				0			
3	2	15/4	15/4	0.25	1/16	1/16	Chord	6/8	1	1	1/16		1/16	1	19				0			
3	2	4	4	0.25	1/8	1/8	Chord	6/8	1	1	1/16		1/16	1	20				0			
3	2	17/4	17/4	0.25	3/16	3/16	Chord	6/8	1	1	1/16		1/16	1	21				0			
3	2	9/2	9/2	0.25	1/4	1/4	Chord	6/8	1	1	1/16		1/16	1	22				0			
3	2	19/4	19/4	0.25	5/16	5/16	Chord	6/8	1	1	1/16		1/16	1	23				0			
3	2	5	5	0.25	3/8	3/8	Chord	6/8	1	1	1/16		1/16	1	24				0			
3	2	21/4	21/4	0.25	7/16	7/16	Chord	6/8	1	1	1/16		1/16	1	25				0			
3	2	11/2	11/2	0.25	1/2	1/2	Chord	6/8	1	1	1/16		1/16	1	26				0			
3	2	23/4	23/4	0.25	9/16	9/16	Chord	6/8	1	1	1/16		1/16	1	27				0			
3	2	6	6	0.25	5/8	5/8	Chord	6/8	1	1	1/16		1/16	1	28				0			
3	2	25/4	25/4	0.25	11/16	11/16	Chord	6/8	1	1	1/16		1/16	1	29							
3	2	7/2	7/2	1.0	0	0	Chord	6/8	2	1	1/4		1/4	1	30				1			
3	2	9/2	9/2	0.5	1/4	1/4	Chord	6/8	2	1	1/8		1/8	1	31				1			
3	2	5	5	1.0	3/8	3/8	Chord	6/8	2	1	1/4		1/4	1	32				1			
3	2	6	6	0.5	5/8	5/8	Chord	6/8	2	1	1/8		1/8	1	33				1			
4	3	13/2	13/2	0.25	0	0	Chord	6/8	1	1	1/16		1/16	1	34				2			
4	3	27/4	27/4	0.25	1/16	1/16	Chord	6/8	1	1	1/16		1/16	1	35				2			
4	3	7	7	0.25	1/8	1/8	Chord	6/8	1	1	1/16		1/16	1	36				2			
4	3	29/4	29/4	0.25	3/16	3/16	Chord	6/8	1	1	1/16		1/16	1	37				2			
4	3	15/2	15/2	0.25	1/4	1/4	Chord	6/8	1	1	1/16		1/16	1	38				2			
4	3	31/4	31/4	0.25	5/16	5/16	Chord	6/8	1	1	1/16		1/16	1	39				2			
4	3	8	8	0.25	3/8	3/8	Chord	6/8	1	1	1/16		1/16	1	40				2			
4	3	33/4	33/4	0.25	7/16	7/16	Chord	6/8	1	1	1/16		1/16	1	41				2			
4	3	17/2	17/2	0.25	1/2	1/2	Chord	6/8	1	1	1/16		1/16	1	42				2			
4	3	35/4	35/4	0.25	9/16	9/16	Chord	6/8	1	1	1/16		1/16	1	43				2			
4	3	9	9	0.25	5/8	5/8	Chord	6/8	1	1	1/16		1/16	1	44				2			
4	3	37/4	37/4	0.25	11/16	11/16	Chord	6/8	1	1	1/16		1/16	1	45							
4	3	13/2	13/2	0.5	0	0	Chord	6/8	2	1	1/8		1/8	1	46							
4	3	7	7	0.5	1/8	1/8	Chord	6/8	2	1	1/8		1/8	1	47		articAccentAbove					
4	3	15/2	15/2	0.5	1/4	1/4	Chord	6/8	2	1	1/8		1/8	1	48		articAccentAbove					
4	3	8	8	0.5	3/8	3/8	Chord	6/8	2	1	1/8		1/8	1	49		articAccentAbove					
4	3	17/2	17/2	0.5	1/2	1/2	Chord	6/8	2	1	1/8		1/8	1	50		articAccentAbove					
4	3	9	9	0.5	5/8	5/8	Chord	6/8	2	1	1/8		1/8	1	51		articAccentAbove					
5	4	19/2	19/2	0.25	0	0	Chord	6/8	1	1	1/16		1/16	1	52				3			
5	4	39/4	39/4	0.25	1/16	1/16	Chord	6/8	1	1	1/16		1/16	1	53				3			
5	4	10	10	0.25	1/8	1/8	Chord	6/8	1	1	1/16		1/16	1	54				3			
5	4	41/4	41/4	0.25	3/16	3/16	Chord	6/8	1	1	1/16		1/16	1	55				3			
5	4	21/2	21/2	0.25	1/4	1/4	Chord	6/8	1	1	1/16		1/16	1	56				3			
5	4	43/4	43/4	0.25	5/16	5/16	Chord	6/8	1	1	1/16		1/16	1	57				3			
5	4	11	11	0.25	3/8	3/8	Chord	6/8	1	1	1/16		1/16	1	58				3			
5	4	45/4	45/4	0.25	7/16	7/16	Chord	6/8	1	1	1/16		1/16	1	59				3			
5	4	23/2	23/2	0.25	1/2	1/2	Chord	6/8	1	1	1/16		1/16	1	60				3			
5	4	47/4	47/4	0.25	9/16	9/16	Chord	6/8	1	1	1/16		1/16	1	61				3			
5	4	12	12	0.25	5/8	5/8	Chord	6/8	1	1	1/16		1/16	1	62				3			
5	4	49/4	49/4	0.25	11/16	11/16	Chord	6/8	1	1	1/16		1/16	1	63							
5	4	19/2	19/2	0.5	0	0	Chord	6/8	2	1	1/8		1/8	1	64		articAccentAbove					
5	4	10	10	0.5	1/8	1/8	Chord	6/8	2	1	1/8		1/8	1	65		articAccentAbove					
5	4	21/2	21/2	0.5	1/4	1/4	Chord	6/8	2	1	1/8		1/8	1	66		articAccentAbove					
5	4	11	11	0.5	3/8	3/8	Chord	6/8	2	1	1/8		1/8	1	67		articAccentAbove					
5	4	23/2	23/2	0.5	1/2	1/2	Chord	6/8	2	1	1/8		1/8	1	68		articAccentAbove					
5	4	12	12	0.5	5/8	5/8	Chord	6/8	2	1	1/8		1/8	1	69		articAccentAbove					
6	5	25/2	25/2	0.25	0	0	Chord	6/8	1	1	1/16		1/16	1	70				4			
6	5	51/4	51/4	0.25	1/16	1/16	Chord	6/8	1	1	1/16		1/16	1	71				4			
6	5	13	13	0.25	1/8	1/8	Chord	6/8	1	1	1/16		1/16	1	72				4			
6	5	53/4	53/4	0.25	3/16	3/16	Chord	6/8	1	1	1/16		1/16	1	73				4			
6	5	27/2	27/2	0.25	1/4	1/4	Chord	6/8	1	1	1/16		1/16	1	74				4			
6	5	55/4	55/4	0.25	5/16	5/16	Chord	6/8	1	1	1/16		1/16	1	75				4			
6	5	14	14	0.25	3/8	3/8	Chord	6/8	1	1	1/16		1/16	1	76				4			
6	5	57/4	57/4	0.25	7/16	7/16	Chord	6/8	1	1	1/16		1/16	1	77				4			
6	5	29/2	29/2	0.25	1/2	1/2	Chord	6/8	1	1	1/16		1/16	1	78				4			
6	5	59/4	59/4	0.25	9/16	9/16	Chord	6/8	1	1	1/16		1/16	1	79				4			
6	5	15	15	0.25	5/8	5/8	Chord	6/8	1	1	1/16		1/16	1	80				4			
6	5	61/4	61/4	0.25	11/16	11/16	Chord	6/8	1	1	1/16		1/16	1	81							
6	5	25/2	25/2	0.5	0	0	Chord	6/8	2	1	1/8		1/8	1	82		articAccentBelow					
6	5	13	13	0.5	1/8	1/8	Chord	6/8	2	1	1/8		1/8	1	83		articAccentBelow					
6	5	27/2	27/2	0.5	1/4	1/4	Chord	6/8	2	1	1/8		1/8	1	84		articAccentBelow					
6	5	14	14	0.5	3/8	3/8	Chord	6/8	2	1	1/8		1/8	1	85		articAccentBelow					
6	5	29/2	29/2	0.5	1/2	1/2	Chord	6/8	2	1	1/8		1/8	1	86		articAccentBelow					
6	5	15	15	0.5	5/8	5/8	Chord	6/8	2	1	1/8		1/8	1	87		articAccentBelow					
7	6	31/2	31/2	0.25	0	0	Chord	6/8	1	1	1/16		1/16	1	88				5			
7	6	63/4	63/4	0.25	1/16	1/16	Chord	6/8	1	1	1/16		1/16	1	89				5			
7	6	16	16	0.25	1/8	1/8	Chord	6/8	1	1	1/16		1/16	1	90				5			
7	6	65/4	65/4	0.25	3/16	3/16	Chord	6/8	1	1	1/16		1/16	1	91				5			
7	6	33/2	33/2	0.25	1/4	1/4	Chord	6/8	1	1	1/16		1/16	1	92				5			
7	6	67/4	67/4	0.25	5/16	5/16	Chord	6/8	1	1	1/16		1/16	1	93				5			
7	6	17	17	0.25	3/8	3/8	Chord	6/8	1	1	1/16		1/16	1	94				5			
7	6	69/4	69/4	0.25	7/16	7/16	Chord	6/8	1	1	1/16		1/16	1	95				5			
7	6	35/2	35/2	0.25	1/2	1/2	Chord	6/8	1	1	1/16		1/16	1	96				5			
7	6	71/4	71/4	0.25	9/16	9/16	Chord	6/8	1	1	1/16		1/16	1	97				5			
7	6	18	18	0.25	5/8	5/8	Chord	6/8	1	1	1/16		1/16	1	98				5			
7	6	73/4	73/4	0.25	11/16	11/16	Chord	6/8	1	1	1/16		1/16	1	99							
7	6	31/2	31/2	0.5	0	0	Chord	6/8	2	1	1/8		1/8	1	100		articAccentBelow					
7	6	16	16	0.5	1/8	1/8	Chord	6/8	2	1	1/8		1/8	1	101		articAccentBelow					
7	6	33/2	33/2	0.5	1/4	1/4	Chord	6/8	2	1	1/8		1/8	1	102		articAccentBelow					
7	6	17	17	0.5	3/8	3/8	Chord	6/8	2	1	1/8		1/8	1	103		articAccentBelow					
7	6	35/2	35/2	0.5	1/2	1/2	Chord	6/8	2	1	1/8		1/8	1	104		articAccentBelow					
7	6	18	18	0.5	5/8	5/8	Chord	6/8	2	1	1/8		1/8	1	105		articAccentBelow					
8	7	37/2	37/2	0.25	0	0	Chord	6/8	1	1	1/16		1/16	1	106				6			
8	7	75/4	75/4	0.25	1/16	1/16	Chord	6/8	1	1	1/16		1/16	1	107				6			
8	7	19	19	0.25	1/8	1/8	Chord	6/8	1	1	1/16		1/16	1	108				6			
8	7	77/4	77/4	0.25	3/16	3/16	Chord	6/8	1	1	1/16		1/16	1	109				6			
8	7	39/2	39/2	0.25	1/4	1/4	Chord	6/8	1	1	1/16		1/16	1	110				6			
8	7	79/4	79/4	0.25	5/16	5/16	Chord	6/8	1	1	1/16		1/16	1	111				6			
8	7	20	20	0.25	3/8	3/8	Chord	6/8	1	1	1/16		1/16	1	112				6			
8	7	81/4	81/4	0.25	7/16	7/16	Chord	6/8	1	1	1/16		1/16	1	113				6			
8	7	41/2	41/2	0.25	1/2	1/2	Chord	6/8	1	1	1/16		1/16	1	114				6			
8	7	83/4	83/4	0.25	9/16	9/16	Chord	6/8	1	1	1/16		1/16	1	115				6			
8	7	21	21	0.25	5/8	5/8	Chord	6/8	1	1	1/16		1/16	1	116				6			
8	7	85/4	85/4	0.25	11/16	11/16	Chord	6/8	1	1	1/16		1/16	1	117				6			
8	7	37/2	37/2	0.5	0	0	Chord	6/8	2	1	1/8		1/8	1	118		articAccentAbove					
8	7	19	19	0.5	1/8	1/8	Chord	6/8	2	1	1/8		1/8	1	119		articAccentAbove					
8	7	39/2	39/2	0.5	1/4	1/4	Chord	6/8	2	1	1/8		1/8	1	120		articAccentAbove					
8	7	20	20	0.5	3/8	3/8	Chord	6/8	2	1	1/8		1/8	1	121		articAccentAbove					
8	7	41/2	41/2	0.5	1/2	1/2	Chord	6/8	2	1	1/8		1/8	1	122		articAccentAbove					
8	7	21	21	0.5	5/8	5/8	Chord	6/8	2	1	1/8		1/8	1	123		articAccentAbove					
9	8	43/2	43/2	0.25	0	0	Chord	6/8	1	1	1/16		1/16	1	124				6			
9	8	87/4	87/4	0.25	1/16	1/16	Chord	6/8	1	1	1/16		1/16	1	125				6			
9	8	22	22	0.25	1/8	1/8	Chord	6/8	1	1	1/16		1/16	1	126				6			
9	8	89/4	89/4	0.25	3/16	3/16	Chord	6/8	1	1	1/16		1/16	1	127				6			
9	8	45/2	45/2	0.25	1/4	1/4	Chord	6/8	1	1	1/16		1/16	1	128				6			
9	8	91/4	91/4	0.25	5/16	5/16	Chord	6/8	1	1	1/16		1/16	1	129							
9	8	23	23	0.25	3/8	3/8	Chord	6/8	1	1	1/16		1/16	1	130				7			
9	8	93/4	93/4	0.25	7/16	7/16	Chord	6/8	1	1	1/16		1/16	1	131				7			
9	8	47/2	47/2	0.25	1/2	1/2	Chord	6/8	1	1	1/16		1/16	1	132				7			
9	8	95/4	95/4	0.25	9/16	9/16	Chord	6/8	1	1	1/16		1/16	1	133				7			
9	8	24	24	0.25	5/8	5/8	Chord	6/8	1	1	1/16		1/16	1	134				7			
9	8	97/4	97/4	0.25	11/16	11/16	Chord	6/8	1	1	1/16		1/16	1	135				7			
9	8	43/2	43/2	0.5	0	0	Chord	6/8	2	1	1/8		1/8	1	136		articAccentAbove					
9	8	22	22	0.5	1/8	1/8	Chord	6/8	2	1	1/8		1/8	1	137		articAccentAbove					
9	8	45/2	45/2	0.5	1/4	1/4	Chord	6/8	2	1	1/8		1/8	1	138		articAccentAbove					
9	8	23	23	0.5	3/8	3/8	Chord	6/8	2	1	1/8		1/8	1	139		articAccentBelow					
9	8	47/2	47/2	0.5	1/2	1/2	Chord	6/8	2	1	1/8		1/8	1	140		articAccentBelow					
9	8	24	24	0.5	5/8	5/8	Chord	6/8	2	1	1/8		1/8	1	141		articAccentBelow					
10	9	49/2	49/2	0.25	0	0	Chord	6/8	1	1	1/16		1/16	1	142		articAccentAbove		7			
10	9	99/4	99/4	0.25	1/16	1/16	Chord	6/8	1	1	1/16		1/16	1	143				7			
10	9	25	25	0.25	1/8	1/8	Chord	6/8	1	1	1/16		1/16	1	144				7			
10	9	101/4	101/4	0.25	3/16	3/16	Chord	6/8	1	1	1/16		1/16	1	145				7			
10	9	51/2	51/2	0.25	1/4	1/4	Chord	6/8	1	1	1/16		1/16	1	146		articAccentAbove		7			
10	9	103/4	103/4	0.25	5/16	5/16	Chord	6/8	1	1	1/16		1/16	1	147				7			
10	9	26	26	0.25	3/8	3/8	Chord	6/8	1	1	1/16		1/16	1	148				7			
10	9	105/4	105/4	0.25	7/16	7/16	Chord	6/8	1	1	1/16		1/16	1	149				7			
10	9	53/2	53/2	0.25	1/2	1/2	Chord	6/8	1	1	1/16		1/16	1	150		articAccentBelow		7			
10	9	107/4	107/4	0.25	9/16	9/16	Chord	6/8	1	1	1/16		1/16	1	151				7			
10	9	27	27	0.25	5/8	5/8	Chord	6/8	1	1	1/16		1/16	1	152				7			
10	9	109/4	109/4	0.25	11/16	11/16	Chord	6/8	1	1	1/16		1/16	1	153				7			
10	9	49/2	49/2	0.5	0	0	Chord	6/8	2	1	1/8		1/8	1	154		articAccentBelow					
10	9	25	25	0.5	1/8	1/8	Chord	6/8	2	1	1/8		1/8	1	155							
10	9	51/2	51/2	0.5	1/4	1/4	Chord	6/8	2	1	1/8		1/8	1	156		articAccentBelow					
10	9	26	26	0.5	3/8	3/8	Chord	6/8	2	1	1/8		1/8	1	157							
10	9	53/2	53/2	0.5	1/2	1/2	Chord	6/8	2	1	1/8		1/8	1	158		articAccentAbove					
10	9	27	27	0.5	5/8	5/8	Chord	6/8	2	1	1/8		1/8	1	159							
11	10	55/2	55/2	0.25	0	0	Chord	6/8	1	1	1/16		1/16	1	160		articAccentBelow		7			
11	10	111/4	111/4	0.25	1/16	1/16	Chord	6/8	1	1	1/16		1/16	1	161				7			
11	10	28	28	0.25	1/8	1/8	Chord	6/8	1	1	1/16		1/16	1	162				7			
11	10	113/4	113/4	0.25	3/16	3/16	Chord	6/8	1	1	1/16		1/16	1	163				7			
11	10	57/2	57/2	0.25	1/4	1/4	Chord	6/8	1	1	1/16		1/16	1	164		articAccentBelow		7			
11	10	115/4	115/4	0.25	5/16	5/16	Chord	6/8	1	1	1/16		1/16	1	165				7			
11	10	29	29	0.25	3/8	3/8	Chord	6/8	1	1	1/16		1/16	1	166				7			
11	10	117/4	117/4	0.25	7/16	7/16	Chord	6/8	1	1	1/16		1/16	1	167				7			
11	10	59/2	59/2	0.25	1/2	1/2	Chord	6/8	1	1	1/16		1/16	1	168		articAccentBelow		7			
11	10	119/4	119/4	0.25	9/16	9/16	Chord	6/8	1	1	1/16		1/16	1	169				7			
11	10	30	30	0.25	5/8	5/8	Chord	6/8	1	1	1/16		1/16	1	170				7			
11	10	121/4	121/4	0.25	11/16	11/16	Chord	6/8	1	1	1/16		1/16	1	171				7			
11	10	55/2	55/2	0.5	0	0	Chord	6/8	2	1	1/8		1/8	1	172		articAccentAbove					
11	10	28	28	0.5	1/8	1/8	Chord	6/8	2	1	1/8		1/8	1	173							
11	10	57/2	57/2	0.5	1/4	1/4	Chord	6/8	2	1	1/8		1/8	1	174		articAccentAbove					
11	10	29	29	0.5	3/8	3/8	Chord	6/8	2	1	1/8		1/8	1	175							
11	10	59/2	59/2	0.5	1/2	1/2	Chord	6/8	2	1	1/8		1/8	1	176		articAccentAbove					
11	10	30	30	0.5	5/8	5/8	Chord	6/8	2	1	1/8		1/8	1	177							
12	11	61/2	61/2	0.5	0	0	Chord	6/8	1	1	1/8		1/8	1	178		articAccentBelow					
12	11	32	32	0.0	3/8	3/8	Dynamic	6/8	1	1	0					ff						
12	11	32	32	0.5	3/8	3/8	Chord	6/8	1	1	1/8		1/8	1	179		articAccentAbove					
12	11	61/2	61/2	0.5	0	0	Chord	6/8	2	1	1/8		1/8	1	180		articAccentBelow					
12	11	32	32	0.5	3/8	3/8	Chord	6/8	2	1	1/8		1/8	1	181		articAccentAbove					
13	12	67/2	67/2	0.5	0	0	Chord	6/8	1	1	1/8		1/8	1	182		articAccentBelow					
13	12	35	35	0.5	3/8	3/8	Chord	6/8	1	1	1/8		1/8	1	183		articAccentAbove					
13	12	67/2	67/2	0.5	0	0	Chord	6/8	2	1	1/8		1/8	1	184		articAccentBelow					
13	12	35	35	0.5	3/8	3/8	Chord	6/8	2	1	1/8		1/8	1	185		articAccentAbove					
14	13	73/2	73/2	0.5	0	0	Chord	6/8	1	1	1/8		1/8	1	186		articAccentBelow					
14	13	38	38	0.5	3/8	3/8	Chord	6/8	1	1	1/8		1/8	1	187		articAccentAbove					
14	13	73/2	73/2	0.5	0	0	Chord	6/8	2	1	1/8		1/8	1	188		articAccentBelow					
14	13	38	38	0.5	3/8	3/8	Chord	6/8	2	1	1/8		1/8	1	189		articAccentBelow					
15	14	79/2	79/2	0.5	0	0	Chord	6/8	1	1	1/8		1/8	1	190		articAccentBelow					
15	14	41	41	0.0	3/8	3/8	Spanner	6/8	1	1	0									0		
15	14	41	41	0.5	3/8	3/8	Chord	6/8	1	1	1/8		1/8	1	191		articAccentAbove			0		
15	14	83/2	83/2	0.0	1/2	1/2	Spanner	6/8	1	1	0											
15	14	79/2	79/2	0.5	0	0	Chord	6/8	2	1	1/8		1/8	1	192		articAccentBelow					
15	14	41	41	0.5	3/8	3/8	Chord	6/8	2	1	1/8		1/8	1	193		articAccentBelow					
16	15	45	45	0.0	5/8	5/8	Dynamic	6/8	1	1	0					f						
16	15	45	45	0.5	5/8	5/8	Chord	6/8	1	1	1/8		1/8	1	194		articStaccatoAbove					
17	16	91/2	91/2	0.0	0	0	StaffText	6/8	1	1	0							secco				
17	16	91/2	91/2	0.5	0	0	Chord	6/8	1	1	1/8		1/8	1	195		articStaccatoAbove					
17	16	93/2	93/2	0.5	1/4	1/4	Chord	6/8	1	1	1/8		1/8	1	196		articStaccatoAbove					
17	16	47	47	0.5	3/8	3/8	Chord	6/8	1	1	1/8		1/8	1	197		articStaccatoAbove					
17	16	95/2	95/2	0.0	1/2	1/2	Spanner	6/8	1	1	0											0
17	16	48	48	0.5	5/8	5/8	Chord	6/8	1	1	1/8		1/8	1	198		articStaccatoAbove					0
17	16	91/2	91/2	0.5	0	0	Chord	6/8	2	1	1/8		1/8	1	199							
17	16	46	46	0.5	1/8	1/8	Chord	6/8	2	1	1/8		1/8	1	200							
17	16	95/2	95/2	0.5	1/2	1/2	Chord	6/8	2	1	1/8		1/8	1	201							
18	17	97/2	97/2	0.5	0	0	Chord	6/8	1	1	1/8		1/8	1	202		articStaccatoAbove					0
18	17	99/2	99/2	0.5	1/4	1/4	Chord	6/8	1	1	1/8		1/8	1	203		articStaccatoAbove					0
18	17	50	50	0.0	3/8	3/8	Spanner	6/8	1	1	0											
18	17	50	50	0.5	3/8	3/8	Chord	6/8	1	1	1/8		1/8	1	204		articStaccatoAbove					
18	17	51	51	0.5	5/8	5/8	Chord	6/8	1	1	1/8		1/8	1	205		articStaccatoAbove					
18	17	97/2	97/2	0.5	0	0	Chord	6/8	2	1	1/8		1/8	1	206							
18	17	49	49	0.5	1/8	1/8	Chord	6/8	2	1	1/8		1/8	1	207							
18	17	101/2	101/2	0.5	1/2	1/2	Chord	6/8	2	1	1/8		1/8	1	208							
19	18	103/2	103/2	0.5	0	0	Chord	6/8	1	1	1/8		1/8	1	209		articStaccatoAbove					
19	18	105/2	105/2	0.5	1/4	1/4	Chord	6/8	1	1	1/8		1/8	1	210		articStaccatoAbove					
19	18	53	53	0.5	3/8	3/8	Chord	6/8	1	1	1/8		1/8	1	211		articStaccatoAbove					
19	18	54	54	0.5	5/8	5/8	Chord	6/8	1	1	1/8		1/8	1	212		articStaccatoAbove					
19	18	103/2	103/2	0.5	0	0	Chord	6/8	2	1	1/8		1/8	1	213							
19	18	52	52	0.5	1/8	1/8	Chord	6/8	2	1	1/8		1/8	1	214							
19	18	107/2	107/2	0.5	1/2	1/2	Chord	6/8	2	1	1/8		1/8	1	215							
20	19	109/2	109/2	0.5	0	0	Chord	6/8	1	1	1/8		1/8	1	216		articStaccatoAbove					
20	19	111/2	111/2	0.5	1/4	1/4	Chord	6/8	1	1	1/8		1/8	1	217		articStaccatoAbove					
20	19	56	56	0.5	3/8	3/8	Chord	6/8	1	1	1/8		1/8	1	218		articStaccatoAbove					
20	19	57	57	0.5	5/8	5/8	Chord	6/8	1	1	1/8		1/8	1	219		articStaccatoAbove					
20	19	109/2	109/2	0.5	0	0	Chord	6/8	2	1	1/8		1/8	1	220							
20	19	55	55	0.5	1/8	1/8	Chord	6/8	2	1	1/8		1/8	1	221							
20	19	113/2	113/2	0.5	1/2	1/2	Chord	6/8	2	1	1/8		1/8	1	222							
21	20	115/2	115/2	0.5	0	0	Chord	6/8	1	1	1/8		1/8	1	223		articStaccatoAbove					
21	20	117/2	117/2	0.5	1/4	1/4	Chord	6/8	1	1	1/8		1/8	1	224		articStaccatoAbove					
21	20	59	59	0.5	3/8	3/8	Chord	6/8	1	1	1/8		1/8	1	225		articStaccatoAbove					
21	20	119/2	119/2	0.0	1/2	1/2	Spanner	6/8	1	1	0											1
21	20	60	60	0.5	5/8	5/8	Chord	6/8	1	1	1/8		1/8	1	226		articStaccatoAbove					1
21	20	115/2	115/2	0.5	0	0	Chord	6/8	2	1	1/8		1/8	1	227							
21	20	58	58	0.5	1/8	1/8	Chord	6/8	2	1	1/8		1/8	1	228							
21	20	119/2	119/2	0.5	1/2	1/2	Chord	6/8	2	1	1/8		1/8	1	229							
22	21	121/2	121/2	0.5	0	0	Chord	6/8	1	1	1/8		1/8	1	230		articStaccatoAbove					1
22	21	123/2	123/2	0.5	1/4	1/4	Chord	6/8	1	1	1/8		1/8	1	231		articStaccatoAbove					1
22	21	62	62	0.0	3/8	3/8	Spanner	6/8	1	1	0											
22	21	62	62	0.5	3/8	3/8	Chord	6/8	1	1	1/8		1/8	1	232		articStaccatoAbove					
22	21	63	63	0.5	5/8	5/8	Chord	6/8	1	1	1/8		1/8	1	233		articStaccatoAbove					
22	21	121/2	121/2	0.5	0	0	Chord	6/8	2	1	1/8		1/8	1	234							
22	21	61	61	0.5	1/8	1/8	Chord	6/8	2	1	1/8		1/8	1	235							
22	21	125/2	125/2	0.5	1/2	1/2	Chord	6/8	2	1	1/8		1/8	1	236							
23	22	127/2	127/2	0.5	0	0	Chord	6/8	1	1	1/8		1/8	1	237		articStaccatoAbove					
23	22	129/2	129/2	0.5	1/4	1/4	Chord	6/8	1	1	1/8		1/8	1	238		articStaccatoAbove					
23	22	65	65	0.5	3/8	3/8	Chord	6/8	1	1	1/8		1/8	1	239		articStaccatoAbove					
23	22	66	66	0.5	5/8	5/8	Chord	6/8	1	1	1/8		1/8	1	240		articStaccatoAbove					
23	22	127/2	127/2	0.5	0	0	Chord	6/8	2	1	1/8		1/8	1	241							
23	22	64	64	0.5	1/8	1/8	Chord	6/8	2	1	1/8		1/8	1	242							
23	22	131/2	131/2	0.5	1/2	1/2	Chord	6/8	2	1	1/8		1/8	1	243							
24	23	133/2	133/2	0.5	0	0	Chord	6/8	1	1	1/8		1/8	1	244		articStaccatoAbove					
24	23	135/2	135/2	0.5	1/4	1/4	Chord	6/8	1	1	1/8		1/8	1	245		articStaccatoAbove					
24	23	68	68	0.5	3/8	3/8	Chord	6/8	1	1	1/8		1/8	1	246		articStaccatoAbove					
24	23	69	69	0.0	5/8	5/8	Dynamic	6/8	1	1	0					pp						
24	23	69	69	0.5	5/8	5/8	Chord	6/8	1	1	1/8		1/8	1	247		articStaccatoAbove					
24	23	133/2	133/2	0.5	0	0	Chord	6/8	2	1	1/8		1/8	1	248							
24	23	67	67	0.5	1/8	1/8	Chord	6/8	2	1	1/8		1/8	1	249							
24	23	137/2	137/2	0.5	1/2	1/2	Chord	6/8	2	1	1/8		1/8	1	250							
25	24	139/2	139/2	0.0	0	0	StaffText	6/8	1	1	0							secco				
25	24	139/2	139/2	0.5	0	0	Chord	6/8	1	1	1/8		1/8	1	251		articStaccatoAbove					
25	24	141/2	141/2	0.5	1/4	1/4	Chord	6/8	1	1	1/8		1/8	1	252		articStaccatoAbove					
25	24	71	71	0.5	3/8	3/8	Chord	6/8	1	1	1/8		1/8	1	253		articStaccatoAbove					
25	24	72	72	0.5	5/8	5/8	Chord	6/8	1	1	1/8		1/8	1	254		articStaccatoAbove					
25	24	139/2	139/2	0.5	0	0	Chord	6/8	2	1	1/8		1/8	1	255							
25	24	70	70	0.5	1/8	1/8	Chord	6/8	2	1	1/8		1/8	1	256							
25	24	143/2	143/2	0.5	1/2	1/2	Chord	6/8	2	1	1/8		1/8	1	257							
26	25	145/2	145/2	0.5	0	0	Chord	6/8	1	1	1/8		1/8	1	258		articStaccatoAbove					
26	25	147/2	147/2	0.5	1/4	1/4	Chord	6/8	1	1	1/8		1/8	1	259		articStaccatoAbove					
26	25	74	74	0.5	3/8	3/8	Chord	6/8	1	1	1/8		1/8	1	260		articStaccatoAbove					
26	25	75	75	0.5	5/8	5/8	Chord	6/8	1	1	1/8		1/8	1	261		articStaccatoAbove					
26	25	145/2	145/2	0.5	0	0	Chord	6/8	2	1	1/8		1/8	1	262							
26	25	73	73	0.5	1/8	1/8	Chord	6/8	2	1	1/8		1/8	1	263							
26	25	149/2	149/2	0.5	1/2	1/2	Chord	6/8	2	1	1/8		1/8	1	264							
27	26	151/2	151/2	0.5	0	0	Chord	6/8	1	1	1/8		1/8	1	265		articStaccatoAbove					
27	26	153/2	153/2	0.5	1/4	1/4	Chord	6/8	1	1	1/8		1/8	1	266		articStaccatoAbove					
27	26	77	77	0.5	3/8	3/8	Chord	6/8	1	1	1/8		1/8	1	267		articStaccatoAbove					
27	26	78	78	0.5	5/8	5/8	Chord	6/8	1	1	1/8		1/8	1	268		articStaccatoAbove					
27	26	151/2	151/2	0.5	0	0	Chord	6/8	2	1	1/8		1/8	1	269							
27	26	76	76	0.5	1/8	1/8	Chord	6/8	2	1	1/8		1/8	1	270							
27	26	155/2	155/2	0.5	1/2	1/2	Chord	6/8	2	1	1/8		1/8	1	271							
28	27	157/2	157/2	0.5	0	0	Chord	6/8	1	1	1/8		1/8	1	272		articStaccatoAbove					
28	27	159/2	159/2	0.5	1/4	1/4	Chord	6/8	1	1	1/8		1/8	1	273		articStaccatoAbove					
28	27	80	80	0.5	3/8	3/8	Chord	6/8	1	1	1/8		1/8	1	274		articStaccatoAbove					
28	27	81	81	0.5	5/8	5/8	Chord	6/8	1	1	1/8		1/8	1	275		articStaccatoAbove					
28	27	157/2	157/2	0.5	0	0	Chord	6/8	2	1	1/8		1/8	1	276							
28	27	79	79	0.5	1/8	1/8	Chord	6/8	2	1	1/8		1/8	1	277							
28	27	161/2	161/2	0.5	1/2	1/2	Chord	6/8	2	1	1/8		1/8	1	278							
29	28	163/2	163/2	0.5	0	0	Chord	6/8	1	1	1/8		1/8	1	279		articStaccatoAbove					
29	28	165/2	165/2	0.5	1/4	1/4	Chord	6/8	1	1	1/8		1/8	1	280		articStaccatoAbove					
29	28	83	83	0.5	3/8	3/8	Chord	6/8	1	1	1/8		1/8	1	281		articStaccatoAbove					
29	28	84	84	0.5	5/8	5/8	Chord	6/8	1	1	1/8		1/8	1	282		articStaccatoAbove					
29	28	163/2	163/2	0.5	0	0	Chord	6/8	2	1	1/8		1/8	1	283							
29	28	82	82	0.5	1/8	1/8	Chord	6/8	2	1	1/8		1/8	1	284							
29	28	167/2	167/2	0.5	1/2	1/2	Chord	6/8	2	1	1/8		1/8	1	285							
30	29	169/2	169/2	0.5	0	0	Chord	6/8	1	1	1/8		1/8	1	286		articStaccatoAbove					
30	29	171/2	171/2	0.5	1/4	1/4	Chord	6/8	1	1	1/8		1/8	1	287		articStaccatoAbove					
30	29	86	86	0.5	3/8	3/8	Chord	6/8	1	1	1/8		1/8	1	288		articStaccatoAbove					
30	29	87	87	0.5	5/8	5/8	Chord	6/8	1	1	1/8		1/8	1	289		articStaccatoAbove					
30	29	169/2	169/2	0.5	0	0	Chord	6/8	2	1	1/8		1/8	1	290							
30	29	85	85	0.5	1/8	1/8	Chord	6/8	2	1	1/8		1/8	1	291							
30	29	173/2	173/2	0.5	1/2	1/2	Chord	6/8	2	1	1/8		1/8	1	292							
31	30	175/2	175/2	0.5	0	0	Chord	6/8	1	1	1/8		1/8	1	293		articStaccatoAbove					
31	30	177/2	177/2	0.5	1/4	1/4	Chord	6/8	1	1	1/8		1/8	1	294		articStaccatoAbove					
31	30	89	89	0.5	3/8	3/8	Chord	6/8	1	1	1/8		1/8	1	295		articStaccatoAbove					
31	30	90	90	0.5	5/8	5/8	Chord	6/8	1	1	1/8		1/8	1	296		articStaccatoAbove					
31	30	175/2	175/2	0.5	0	0	Chord	6/8	2	1	1/8		1/8	1	297							
31	30	88	88	0.5	1/8	1/8	Chord	6/8	2	1	1/8		1/8	1	298							
31	30	179/2	179/2	0.5	1/2	1/2	Chord	6/8	2	1	1/8		1/8	1	299							
32	31	181/2	181/2	0.5	0	0	Chord	6/8	1	1	1/8		1/8	1	300		articStaccatoAbove					
32	31	183/2	183/2	0.5	1/4	1/4	Chord	6/8	1	1	1/8		1/8	1	301		articStaccatoAbove					
32	31	92	92	0.5	3/8	3/8	Chord	6/8	1	1	1/8		1/8	1	302		articStaccatoAbove					
32	31	93	93	0.0	5/8	5/8	Dynamic	6/8	1	1	0					p						
32	31	93	93	0.5	5/8	5/8	Chord	6/8	1	1	1/8		1/8	1	303							
32	31	181/2	181/2	0.5	0	0	Chord	6/8	2	1	1/8		1/8	1	304							
32	31	91	91	0.5	1/8	1/8	Chord	6/8	2	1	1/8		1/8	1	305							
32	31	185/2	185/2	0.5	1/2	1/2	Chord	6/8	2	1	1/8		1/8	1	306							
33	32	187/2	187/2	0.0	0	0	Dynamic	6/8	1	1	0					p						
33	32	187/2	187/2	0.0	0	0	Spanner	6/8	1	1	0											2
33	32	187/2	187/2	1.0	0	0	Chord	6/8	1	1	1/4		1/4	1	307				8			2
33	32	189/2	189/2	0.5	1/4	1/4	Chord	6/8	1	1	1/8		1/8	1	308				8			2
33	32	95	95	1.0	3/8	3/8	Chord	6/8	1	1	1/4		1/4	1	309				8			2
33	32	96	96	0.5	5/8	5/8	Chord	6/8	1	1	1/8		1/8	1	310				8			2
33	32	187/2	187/2	0.0	0	0	StaffText	6/8	2	1	0							legato sempre				
33	32	187/2	187/2	0.5	0	0	Chord	6/8	2	1	1/8		1/8	1	311		articStaccatoBelow					
33	32	94	94	0.5	1/8	1/8	Chord	6/8	2	1	1/8		1/8	1	312							
33	32	189/2	189/2	0.5	1/4	1/4	Chord	6/8	2	1	1/8		1/8	1	313							
33	32	95	95	1.0	3/8	3/8	Chord	6/8	2	1	1/4		1/4	1	314							
33	32	96	96	0.5	5/8	5/8	Chord	6/8	2	1	1/8		1/8	1	315							
33	32	94	94	1.0	1/8	1/8	Chord	6/8	2	2	1/4		1/4	1	316				9			
33	32	95	95	0.5	3/8	3/8	Chord	6/8	2	2	1/8		1/8	1	317				9			
33	32	191/2	191/2	0.5	1/2	1/2	Chord	6/8	2	2	1/8		1/8	1	318				9			
33	32	96	96	0.5	5/8	5/8	Chord	6/8	2	2	1/8		1/8	1	319				9			
34	33	193/2	193/2	0.0	0	0	Spanner	6/8	1	1	0								8			
34	33	193/2	193/2	1.0	0	0	Chord	6/8	1	1	1/4		1/4	1	320				8			
34	33	195/2	195/2	0.5	1/4	1/4	Chord	6/8	1	1	1/8		1/8	1	321				8			
34	33	98	98	1.0	3/8	3/8	Chord	6/8	1	1	1/4		1/4	1	322				8			
34	33	99	99	0.5	5/8	5/8	Chord	6/8	1	1	1/8		1/8	1	323				8			
34	33	193/2	193/2	1.0	0	0	Chord	6/8	2	1	1/4		1/4	1	324							
34	33	195/2	195/2	0.5	1/4	1/4	Chord	6/8	2	1	1/8		1/8	1	325							
34	33	98	98	1.0	3/8	3/8	Chord	6/8	2	1	1/4		1/4	1	326							
34	33	99	99	0.5	5/8	5/8	Chord	6/8	2	1	1/8		1/8	1	327							
34	33	193/2	193/2	0.5	0	0	Chord	6/8	2	2	1/8		1/8	1	328				9			
34	33	97	97	0.5	1/8	1/8	Chord	6/8	2	2	1/8		1/8	1	329				9			
34	33	195/2	195/2	0.5	1/4	1/4	Chord	6/8	2	2	1/8		1/8	1	330				9			
34	33	98	98	0.5	3/8	3/8	Chord	6/8	2	2	1/8		1/8	1	331				9			
34	33	197/2	197/2	0.5	1/2	1/2	Chord	6/8	2	2	1/8		1/8	1	332				9			
34	33	99	99	0.5	5/8	5/8	Chord	6/8	2	2	1/8		1/8	1	333				9			
35	34	199/2	199/2	1.0	0	0	Chord	6/8	1	1	1/4		1/4	1	334				8			
35	34	201/2	201/2	0.5	1/4	1/4	Chord	6/8	1	1	1/8		1/8	1	335				8			
35	34	101	101	1.0	3/8	3/8	Chord	6/8	1	1	1/4		1/4	1	336				8			
35	34	102	102	0.5	5/8	5/8	Chord	6/8	1	1	1/8		1/8	1	337				8			
35	34	199/2	199/2	1.0	0	0	Chord	6/8	2	1	1/4		1/4	1	338							
35	34	201/2	201/2	0.5	1/4	1/4	Chord	6/8	2	1	1/8		1/8	1	339							
35	34	101	101	1.0	3/8	3/8	Chord	6/8	2	1	1/4		1/4	1	340							
35	34	102	102	0.5	5/8	5/8	Chord	6/8	2	1	1/8		1/8	1	341							
35	34	199/2	199/2	0.5	0	0	Chord	6/8	2	2	1/8		1/8	1	342				9			
35	34	100	100	0.5	1/8	1/8	Chord	6/8	2	2	1/8		1/8	1	343				9			
35	34	201/2	201/2	0.5	1/4	1/4	Chord	6/8	2	2	1/8		1/8	1	344				9			
35	34	101	101	0.5	3/8	3/8	Chord	6/8	2	2	1/8		1/8	1	345				9			
35	34	203/2	203/2	0.5	1/2	1/2	Chord	6/8	2	2	1/8		1/8	1	346				9			
35	34	102	102	0.5	5/8	5/8	Chord	6/8	2	2	1/8		1/8	1	347				9			
36	35	205/2	205/2	0.0	0	0	Spanner	6/8	1	1	0								8		0	
36	35	205/2	205/2	1.0	0	0	Chord	6/8	1	1	1/4		1/4	1	348				8		0	
36	35	207/2	207/2	0.5	1/4	1/4	Chord	6/8	1	1	1/8		1/8	1	349				8		0	
36	35	104	104	1.0	3/8	3/8	Chord	6/8	1	1	1/4		1/4	1	350				8		0	
36	35	105	105	0.5	5/8	5/8	Chord	6/8	1	1	1/8		1/8	1	351				8		0	
36	35	205/2	205/2	1.0	0	0	Chord	6/8	2	1	1/4		1/4	1	352							
36	35	205/2	205/2	0.5	0	0	Chord	6/8	2	2	1/8		1/8	1	353				9			
36	35	103	103	0.5	1/8	1/8	Chord	6/8	2	2	1/8		1/8	1	354				9			
36	35	207/2	207/2	0.5	1/4	1/4	Chord	6/8	2	2	1/8		1/8	1	355				9			
36	35	104	104	0.5	3/8	3/8	Chord	6/8	2	2	1/8		1/8	1	356				9			
36	35	209/2	209/2	0.5	1/2	1/2	Chord	6/8	2	2	1/8		1/8	1	357				9			
36	35	105	105	0.5	5/8	5/8	Chord	6/8	2	2	1/8		1/8	1	358							
37	36	211/2	211/2	0.0	0	0	Spanner	6/8	1	1	0											
37	36	211/2	211/2	0.5	0	0	Chord	6/8	1	1	1/8		1/8	1	359							
37	36	106	106	0.0	1/8	1/8	Dynamic	6/8	1	1	0					pp						
37	36	106	106	0.25	1/8	1/8	Chord	6/8	1	1	1/16		1/16	1	360				10			
37	36	425/4	425/4	0.25	3/16	3/16	Chord	6/8	1	1	1/16		1/16	1	361				10			
37	36	213/2	213/2	0.25	1/4	1/4	Chord	6/8	1	1	1/16		1/16	1	362				10			
37	36	427/4	427/4	0.25	5/16	5/16	Chord	6/8	1	1	1/16		1/16	1	363				10			
37	36	107	107	0.25	3/8	3/8	Chord	6/8	1	1	1/16		1/16	1	364				10			
37	36	429/4	429/4	0.25	7/16	7/16	Chord	6/8	1	1	1/16		1/16	1	365				10			
37	36	215/2	215/2	0.25	1/2	1/2	Chord	6/8	1	1	1/16		1/16	1	366				10			
37	36	431/4	431/4	0.25	9/16	9/16	Chord	6/8	1	1	1/16		1/16	1	367				10			
37	36	108	108	0.25	5/8	5/8	Chord	6/8	1	1	1/16		1/16	1	368				10			
37	36	433/4	433/4	0.25	11/16	11/16	Chord	6/8	1	1	1/16		1/16	1	369				10			
37	36	211/2	211/2	0.5	0	0	Chord	6/8	2	1	1/8		1/8	1	370							
37	36	213/2	213/2	0.5	1/4	1/4	Chord	6/8	2	1	1/8		1/8	1	371							
37	36	107	107	1.0	3/8	3/8	Chord	6/8	2	1	1/4		1/4	1	372							
37	36	108	108	0.5	5/8	5/8	Chord	6/8	2	1	1/8		1/8	1	373							
38	37	217/2	217/2	0.25	0	0	Chord	6/8	1	1	1/16		1/16	1	374				10			
38	37	435/4	435/4	0.25	1/16	1/16	Chord	6/8	1	1	1/16		1/16	1	375				10			
38	37	109	109	0.25	1/8	1/8	Chord	6/8	1	1	1/16		1/16	1	376				10			
38	37	437/4	437/4	0.25	3/16	3/16	Chord	6/8	1	1	1/16		1/16	1	377				10			
38	37	219/2	219/2	0.25	1/4	1/4	Chord	6/8	1	1	1/16		1/16	1	378				10			
38	37	439/4	439/4	0.25	5/16	5/16	Chord	6/8	1	1	1/16		1/16	1	379				10			
38	37	110	110	0.25	3/8	3/8	Chord	6/8	1	1	1/16		1/16	1	380				10			
38	37	441/4	441/4	0.25	7/16	7/16	Chord	6/8	1	1	1/16		1/16	1	381				10			
38	37	221/2	221/2	0.25	1/2	1/2	Chord	6/8	1	1	1/16		1/16	1	382				10			
38	37	443/4	443/4	0.25	9/16	9/16	Chord	6/8	1	1	1/16		1/16	1	383				10			
38	37	111	111	0.25	5/8	5/8	Chord	6/8	1	1	1/16		1/16	1	384				10			
38	37	445/4	445/4	0.25	11/16	11/16	Chord	6/8	1	1	1/16		1/16	1	385							
38	37	217/2	217/2	1.0	0	0	Chord	6/8	2	1	1/4		1/4	1	386							
38	37	219/2	219/2	0.5	1/4	1/4	Chord	6/8	2	1	1/8		1/8	1	387		articAccentAbove					
38	37	110	110	1.0	3/8	3/8	Chord	6/8	2	1	1/4		1/4	1	388							
38	37	111	111	0.5	5/8	5/8	Chord	6/8	2	1	1/8		1/8	1	389							
39	38	223/2	223/2	0.25	0	0	Chord	6/8	1	1	1/16		1/16	1	390				11			
39	38	447/4	447/4	0.25	1/16	1/16	Chord	6/8	1	1	1/16		1/16	1	391				11			
39	38	112	112	0.25	1/8	1/8	Chord	6/8	1	1	1/16		1/16	1	392				11			
39	38	449/4	449/4	0.25	3/16	3/16	Chord	6/8	1	1	1/16		1/16	1	393				11			
39	38	225/2	225/2	0.25	1/4	1/4	Chord	6/8	1	1	1/16		1/16	1	394				11			
39	38	451/4	451/4	0.25	5/16	5/16	Chord	6/8	1	1	1/16		1/16	1	395				11			
39	38	113	113	0.25	3/8	3/8	Chord	6/8	1	1	1/16		1/16	1	396				11			
39	38	453/4	453/4	0.25	7/16	7/16	Chord	6/8	1	1	1/16		1/16	1	397				11			
39	38	227/2	227/2	0.25	1/2	1/2	Chord	6/8	1	1	1/16		1/16	1	398				11			
39	38	455/4	455/4	0.25	9/16	9/16	Chord	6/8	1	1	1/16		1/16	1	399				11			
39	38	114	114	0.25	5/8	5/8	Chord	6/8	1	1	1/16		1/16	1	400				11			
39	38	457/4	457/4	0.25	11/16	11/16	Chord	6/8	1	1	1/16		1/16	1	401							
39	38	223/2	223/2	1.0	0	0	Chord	6/8	2	1	1/4		1/4	1	402							
39	38	225/2	225/2	0.5	1/4	1/4	Chord	6/8	2	1	1/8		1/8	1	403		articAccentAbove					
39	38	113	113	1.0	3/8	3/8	Chord	6/8	2	1	1/4		1/4	1	404							
39	38	114	114	0.5	5/8	5/8	Chord	6/8	2	1	1/8		1/8	1	405							
40	39	229/2	229/2	0.25	0	0	Chord	6/8	1	1	1/16		1/16	1	406				12			
40	39	459/4	459/4	0.25	1/16	1/16	Chord	6/8	1	1	1/16		1/16	1	407				12			
40	39	115	115	0.25	1/8	1/8	Chord	6/8	1	1	1/16		1/16	1	408				12			
40	39	461/4	461/4	0.25	3/16	3/16	Chord	6/8	1	1	1/16		1/16	1	409				12			
40	39	231/2	231/2	0.25	1/4	1/4	Chord	6/8	1	1	1/16		1/16	1	410				12			
40	39	463/4	463/4	0.25	5/16	5/16	Chord	6/8	1	1	1/16		1/16	1	411				12			
40	39	116	116	0.25	3/8	3/8	Chord	6/8	1	1	1/16		1/16	1	412				12			
40	39	465/4	465/4	0.25	7/16	7/16	Chord	6/8	1	1	1/16		1/16	1	413				12			
40	39	233/2	233/2	0.25	1/2	1/2	Chord	6/8	1	1	1/16		1/16	1	414				12			
40	39	467/4	467/4	0.25	9/16	9/16	Chord	6/8	1	1	1/16		1/16	1	415				12			
40	39	117	117	0.25	5/8	5/8	Chord	6/8	1	1	1/16		1/16	1	416				12			
40	39	469/4	469/4	0.25	11/16	11/16	Chord	6/8	1	1	1/16		1/16	1	417							
40	39	229/2	229/2	1.0	0	0	Chord	6/8	2	1	1/4		1/4	1	418							
40	39	231/2	231/2	0.5	1/4	1/4	Chord	6/8	2	1	1/8		1/8	1	419		articAccentAbove					
40	39	116	116	1.0	3/8	3/8	Chord	6/8	2	1	1/4		1/4	1	420							
40	39	117	117	0.5	5/8	5/8	Chord	6/8	2	1	1/8		1/8	1	421							
41	40	235/2	235/2	0.0	0	0	StaffText	6/8	1	1	0							cresc.				
41	40	235/2	235/2	0.25	0	0	Chord	6/8	1	1	1/16		1/16	1	422				13			
41	40	471/4	471/4	0.25	1/16	1/16	Chord	6/8	1	1	1/16		1/16	1	423				13			
41	40	118	118	0.25	1/8	1/8	Chord	6/8	1	1	1/16		1/16	1	424				13			
41	40	473/4	473/4	0.25	3/16	3/16	Chord	6/8	1	1	1/16		1/16	1	425				13			
41	40	237/2	237/2	0.25	1/4	1/4	Chord	6/8	1	1	1/16		1/16	1	426				13			
41	40	475/4	475/4	0.25	5/16	5/16	Chord	6/8	1	1	1/16		1/16	1	427				13			
41	40	119	119	0.25	3/8	3/8	Chord	6/8	1	1	1/16		1/16	1	428				13			
41	40	477/4	477/4	0.25	7/16	7/16	Chord	6/8	1	1	1/16		1/16	1	429				13			
41	40	239/2	239/2	0.25	1/2	1/2	Chord	6/8	1	1	1/16		1/16	1	430				13			
41	40	479/4	479/4	0.25	9/16	9/16	Chord	6/8	1	1	1/16		1/16	1	431				13			
41	40	120	120	0.25	5/8	5/8	Chord	6/8	1	1	1/16		1/16	1	432				13			
41	40	481/4	481/4	0.25	11/16	11/16	Chord	6/8	1	1	1/16		1/16	1	433							
41	40	235/2	235/2	1.0	0	0	Chord	6/8	2	1	1/4		1/4	1	434							
41	40	237/2	237/2	0.5	1/4	1/4	Chord	6/8	2	1	1/8		1/8	1	435		articAccentAbove					
41	40	119	119	1.0	3/8	3/8	Chord	6/8	2	1	1/4		1/4	1	436							
41	40	120	120	0.5	5/8	5/8	Chord	6/8	2	1	1/8		1/8	1	437							
42	41	241/2	241/2	0.25	0	0	Chord	6/8	1	1	1/16		1/16	1	438				14			
42	41	483/4	483/4	0.25	1/16	1/16	Chord	6/8	1	1	1/16		1/16	1	439				14			
42	41	121	121	0.25	1/8	1/8	Chord	6/8	1	1	1/16		1/16	1	440				14			
42	41	485/4	485/4	0.25	3/16	3/16	Chord	6/8	1	1	1/16		1/16	1	441				14			
42	41	243/2	243/2	0.25	1/4	1/4	Chord	6/8	1	1	1/16		1/16	1	442				14			
42	41	487/4	487/4	0.25	5/16	5/16	Chord	6/8	1	1	1/16		1/16	1	443				14			
42	41	122	122	0.25	3/8	3/8	Chord	6/8	1	1	1/16		1/16	1	444				14			
42	41	489/4	489/4	0.25	7/16	7/16	Chord	6/8	1	1	1/16		1/16	1	445				14			
42	41	245/2	245/2	0.25	1/2	1/2	Chord	6/8	1	1	1/16		1/16	1	446				14			
42	41	491/4	491/4	0.25	9/16	9/16	Chord	6/8	1	1	1/16		1/16	1	447				14			
42	41	123	123	0.25	5/8	5/8	Chord	6/8	1	1	1/16		1/16	1	448				14			
42	41	493/4	493/4	0.25	11/16	11/16	Chord	6/8	1	1	1/16		1/16	1	449							
42	41	241/2	241/2	1.0	0	0	Chord	6/8	2	1	1/4		1/4	1	450							
42	41	243/2	243/2	0.5	1/4	1/4	Chord	6/8	2	1	1/8		1/8	1	451		articAccentAbove					
42	41	122	122	1.0	3/8	3/8	Chord	6/8	2	1	1/4		1/4	1	452							
42	41	123	123	0.5	5/8	5/8	Chord	6/8	2	1	1/8		1/8	1	453							
43	42	247/2	247/2	0.25	0	0	Chord	6/8	1	1	1/16		1/16	1	454				15			
43	42	495/4	495/4	0.25	1/16	1/16	Chord	6/8	1	1	1/16		1/16	1	455				15			
43	42	124	124	0.0	1/8	1/8	StaffText	6/8	1	1	0							dimin.	15			
43	42	124	124	0.25	1/8	1/8	Chord	6/8	1	1	1/16		1/16	1	456				15			
43	42	497/4	497/4	0.25	3/16	3/16	Chord	6/8	1	1	1/16		1/16	1	457				15			
43	42	249/2	249/2	0.25	1/4	1/4	Chord	6/8	1	1	1/16		1/16	1	458				15			
43	42	499/4	499/4	0.25	5/16	5/16	Chord	6/8	1	1	1/16		1/16	1	459				15			
43	42	125	125	0.25	3/8	3/8	Chord	6/8	1	1	1/16		1/16	1	460				15			
43	42	501/4	501/4	0.25	7/16	7/16	Chord	6/8	1	1	1/16		1/16	1	461				15			
43	42	251/2	251/2	0.25	1/2	1/2	Chord	6/8	1	1	1/16		1/16	1	462				15			
43	42	503/4	503/4	0.25	9/16	9/16	Chord	6/8	1	1	1/16		1/16	1	463				15			
43	42	126	126	0.25	5/8	5/8	Chord	6/8	1	1	1/16		1/16	1	464				15			
43	42	505/4	505/4	0.25	11/16	11/16	Chord	6/8	1	1	1/16		1/16	1	465				15			
43	42	247/2	247/2	1.0	0	0	Chord	6/8	2	1	1/4		1/4	1	466							
43	42	249/2	249/2	0.5	1/4	1/4	Chord	6/8	2	1	1/8		1/8	1	467							
43	42	125	125	1.0	3/8	3/8	Chord	6/8	2	1	1/4		1/4	1	468							
43	42	126	126	0.5	5/8	5/8	Chord	6/8	2	1	1/8		1/8	1	469							
44	43	253/2	253/2	0.25	0	0	Chord	6/8	1	1	1/16		1/16	1	470				15			
44	43	507/4	507/4	0.25	1/16	1/16	Chord	6/8	1	1	1/16		1/16	1	471				15			
44	43	127	127	0.25	1/8	1/8	Chord	6/8	1	1	1/16		1/16	1	472				15			
44	43	509/4	509/4	0.25	3/16	3/16	Chord	6/8	1	1	1/16		1/16	1	473				15			
44	43	255/2	255/2	0.25	1/4	1/4	Chord	6/8	1	1	1/16		1/16	1	474				15			
44	43	511/4	511/4	0.25	5/16	5/16	Chord	6/8	1	1	1/16		1/16	1	475				15			
44	43	128	128	0.25	3/8	3/8	Chord	6/8	1	1	1/16		1/16	1	476				15			
44	43	513/4	513/4	0.25	7/16	7/16	Chord	6/8	1	1	1/16		1/16	1	477				15			
44	43	257/2	257/2	0.25	1/2	1/2	Chord	6/8	1	1	1/16		1/16	1	478				15			
44	43	515/4	515/4	0.25	9/16	9/16	Chord	6/8	1	1	1/16		1/16	1	479				15			
44	43	129	129	0.25	5/8	5/8	Chord	6/8	1	1	1/16		1/16	1	480				15			
44	43	517/4	517/4	0.25	11/16	11/16	Chord	6/8	1	1	1/16		1/16	1	481							
44	43	253/2	253/2	1.0	0	0	Chord	6/8	2	1	1/4		1/4	1	482							
44	43	255/2	255/2	0.5	1/4	1/4	Chord	6/8	2	1	1/8		1/8	1	483							
44	43	128	128	1.0	3/8	3/8	Chord	6/8	2	1	1/4		1/4	1	484							
44	43	129	129	0.5	5/8	5/8	Chord	6/8	2	1	1/8		1/8	1	485							
45	44	259/2	259/2	0.25	0	0	Chord	6/8	1	1	1/16		1/16	1	486				16			
45	44	519/4	519/4	0.25	1/16	1/16	Chord	6/8	1	1	1/16		1/16	1	487				16			
45	44	130	130	0.25	1/8	1/8	Chord	6/8	1	1	1/16		1/16	1	488				16			
45	44	521/4	521/4	0.25	3/16	3/16	Chord	6/8	1	1	1/16		1/16	1	489				16			
45	44	261/2	261/2	0.25	1/4	1/4	Chord	6/8	1	1	1/16		1/16	1	490				16			
45	44	523/4	523/4	0.25	5/16	5/16	Chord	6/8	1	1	1/16		1/16	1	491				16			
45	44	131	131	0.25	3/8	3/8	Chord	6/8	1	1	1/16		1/16	1	492				16			
45	44	525/4	525/4	0.25	7/16	7/16	Chord	6/8	1	1	1/16		1/16	1	493				16			
45	44	263/2	263/2	0.25	1/2	1/2	Chord	6/8	1	1	1/16		1/16	1	494				16			
45	44	527/4	527/4	0.25	9/16	9/16	Chord	6/8	1	1	1/16		1/16	1	495				16			
45	44	132	132	0.25	5/8	5/8	Chord	6/8	1	1	1/16		1/16	1	496				16			
45	44	529/4	529/4	0.25	11/16	11/16	Chord	6/8	1	1	1/16		1/16	1	497				16			
45	44	259/2	259/2	1.0	0	0	Chord	6/8	2	1	1/4		1/4	1	498							
46	45	265/2	265/2	0.0	0	0	Dynamic	6/8	1	1	0					pp			16			
46	45	265/2	265/2	0.25	0	0	Chord	6/8	1	1	1/16		1/16	1	499				16			
46	45	531/4	531/4	0.25	1/16	1/16	Chord	6/8	1	1	1/16		1/16	1	500				16			
46	45	133	133	0.25	1/8	1/8	Chord	6/8	1	1	1/16		1/16	1	501				16			
46	45	533/4	533/4	0.25	3/16	3/16	Chord	6/8	1	1	1/16		1/16	1	502				16			
46	45	267/2	267/2	0.25	1/4	1/4	Chord	6/8	1	1	1/16		1/16	1	503				16			
46	45	535/4	535/4	0.25	5/16	5/16	Chord	6/8	1	1	1/16		1/16	1	504				16			
46	45	134	134	0.25	3/8	3/8	Chord	6/8	1	1	1/16		1/16	1	505				16			
46	45	537/4	537/4	0.25	7/16	7/16	Chord	6/8	1	1	1/16		1/16	1	506				16			
46	45	269/2	269/2	0.25	1/2	1/2	Chord	6/8	1	1	1/16		1/16	1	507				16			
46	45	539/4	539/4	0.25	9/16	9/16	Chord	6/8	1	1	1/16		1/16	1	508				16			
46	45	135	135	0.25	5/8	5/8	Chord	6/8	1	1	1/16		1/16	1	509				16			
46	45	541/4	541/4	0.25	11/16	11/16	Chord	6/8	1	1	1/16		1/16	1	510				16			
47	46	271/2	271/2	0.25	0	0	Chord	6/8	1	1	1/16		1/16	1	511				16			
47	46	543/4	543/4	0.25	1/16	1/16	Chord	6/8	1	1	1/16		1/16	1	512				16			
47	46	136	136	0.25	1/8	1/8	Chord	6/8	1	1	1/16		1/16	1	513				16			
47	46	545/4	545/4	0.25	3/16	3/16	Chord	6/8	1	1	1/16		1/16	1	514				16			
47	46	273/2	273/2	0.25	1/4	1/4	Chord	6/8	1	1	1/16		1/16	1	515				16			
47	46	547/4	547/4	0.25	5/16	5/16	Chord	6/8	1	1	1/16		1/16	1	516				16			
47	46	137	137	0.25	3/8	3/8	Chord	6/8	1	1	1/16		1/16	1	517				16			
47	46	549/4	549/4	0.25	7/16	7/16	Chord	6/8	1	1	1/16		1/16	1	518				16			
47	46	275/2	275/2	0.25	1/2	1/2	Chord	6/8	1	1	1/16		1/16	1	519				16			
47	46	551/4	551/4	0.25	9/16	9/16	Chord	6/8	1	1	1/16		1/16	1	520				16			
47	46	138	138	0.25	5/8	5/8	Chord	6/8	1	1	1/16		1/16	1	521				16			
47	46	553/4	553/4	0.25	11/16	11/16	Chord	6/8	1	1	1/16		1/16	1	522							
48	47	277/2	277/2	0.5	0	0	Chord	6/8	1	1	1/8		1/8	1	523		articStaccatoAbove					
48	47	279/2	279/2	0.5	1/4	1/4	Chord	6/8	1	1	1/8		1/8	1	524		articStaccatoAbove					
48	47	140	140	0.5	3/8	3/8	Chord	6/8	1	1	1/8		1/8	1	525		articStaccatoAbove					
48	47	141	141	0.5	5/8	5/8	Chord	6/8	1	1	1/8		1/8	1	526		articStaccatoAbove					
48	47	277/2	277/2	0.25	0	0	Chord	6/8	2	1	1/16		1/16	1	527				17			
48	47	555/4	555/4	0.25	1/16	1/16	Chord	6/8	2	1	1/16		1/16	1	528				17			
48	47	139	139	0.25	1/8	1/8	Chord	6/8	2	1	1/16		1/16	1	529				17			
48	47	557/4	557/4	0.25	3/16	3/16	Chord	6/8	2	1	1/16		1/16	1	530				17			
48	47	279/2	279/2	0.25	1/4	1/4	Chord	6/8	2	1	1/16		1/16	1	531				17			
48	47	559/4	559/4	0.25	5/16	5/16	Chord	6/8	2	1	1/16		1/16	1	532				17			
48	47	140	140	0.25	3/8	3/8	Chord	6/8	2	1	1/16		1/16	1	533				17			
48	47	561/4	561/4	0.25	7/16	7/16	Chord	6/8	2	1	1/16		1/16	1	534				17			
48	47	281/2	281/2	0.25	1/2	1/2	Chord	6/8	2	1	1/16		1/16	1	535				17			
48	47	563/4	563/4	0.25	9/16	9/16	Chord	6/8	2	1	1/16		1/16	1	536				17			
48	47	141	141	0.25	5/8	5/8	Chord	6/8	2	1	1/16		1/16	1	537				17			
48	47	565/4	565/4	0.25	11/16	11/16	Chord	6/8	2	1	1/16		1/16	1	538							
49	48	283/2	283/2	0.5	0	0	Chord	6/8	1	1	1/8		1/8	1	539		articStaccatoAbove					
49	48	285/2	285/2	0.5	1/4	1/4	Chord	6/8	1	1	1/8		1/8	1	540		articStaccatoAbove					
49	48	143	143	0.5	3/8	3/8	Chord	6/8	1	1	1/8		1/8	1	541		articStaccatoAbove					
49	48	144	144	0.5	5/8	5/8	Chord	6/8	1	1	1/8		1/8	1	542		articStaccatoAbove					
49	48	283/2	283/2	0.25	0	0	Chord	6/8	2	1	1/16		1/16	1	543							
49	48	567/4	567/4	0.25	1/16	1/16	Chord	6/8	2	1	1/16		1/16	1	544							
49	48	142	142	0.25	1/8	1/8	Chord	6/8	2	1	1/16		1/16	1	545							
49	48	569/4	569/4	0.25	3/16	3/16	Chord	6/8	2	1	1/16		1/16	1	546							
49	48	285/2	285/2	0.25	1/4	1/4	Chord	6/8	2	1	1/16		1/16	1	547							
49	48	571/4	571/4	0.25	5/16	5/16	Chord	6/8	2	1	1/16		1/16	1	548							
49	48	143	143	0.25	3/8	3/8	Chord	6/8	2	1	1/16		1/16	1	549							
49	48	573/4	573/4	0.0	7/16	7/16	Spanner	6/8	2	1	0											3
49	48	573/4	573/4	0.25	7/16	7/16	Chord	6/8	2	1	1/16		1/16	1	550							3
49	48	287/2	287/2	0.25	1/2	1/2	Chord	6/8	2	1	1/16		1/16	1	551							3
49	48	575/4	575/4	0.25	9/16	9/16	Chord	6/8	2	1	1/16		1/16	1	552							3
49	48	144	144	0.25	5/8	5/8	Chord	6/8	2	1	1/16		1/16	1	553							3
49	48	577/4	577/4	0.25	11/16	11/16	Chord	6/8	2	1	1/16		1/16	1	554							3
50	49	289/2	289/2	0.5	0	0	Chord	6/8	1	1	1/8		1/8	1	555		articStaccatoAbove					
50	49	291/2	291/2	0.5	1/4	1/4	Chord	6/8	1	1	1/8		1/8	1	556		articStaccatoAbove					
50	49	146	146	0.5	3/8	3/8	Chord	6/8	1	1	1/8		1/8	1	557		articStaccatoAbove					
50	49	147	147	0.5	5/8	5/8	Chord	6/8	1	1	1/8		1/8	1	558		articStaccatoAbove					
50	49	289/2	289/2	0.25	0	0	Chord	6/8	2	1	1/16		1/16	1	559							3
50	49	579/4	579/4	0.25	1/16	1/16	Chord	6/8	2	1	1/16		1/16	1	560							3
50	49	145	145	0.25	1/8	1/8	Chord	6/8	2	1	1/16		1/16	1	561							3
50	49	581/4	581/4	0.25	3/16	3/16	Chord	6/8	2	1	1/16		1/16	1	562							3
50	49	291/2	291/2	0.25	1/4	1/4	Chord	6/8	2	1	1/16		1/16	1	563							3
50	49	583/4	583/4	0.25	5/16	5/16	Chord	6/8	2	1	1/16		1/16	1	564							3
50	49	146	146	0.25	3/8	3/8	Chord	6/8	2	1	1/16		1/16	1	565							3
50	49	585/4	585/4	0.25	7/16	7/16	Chord	6/8	2	1	1/16		1/16	1	566							3
50	49	293/2	293/2	0.25	1/2	1/2	Chord	6/8	2	1	1/16		1/16	1	567							3
50	49	587/4	587/4	0.25	9/16	9/16	Chord	6/8	2	1	1/16		1/16	1	568							3
50	49	147	147	0.25	5/8	5/8	Chord	6/8	2	1	1/16		1/16	1	569							3
50	49	589/4	589/4	0.25	11/16	11/16	Chord	6/8	2	1	1/16		1/16	1	570							3
51	50	295/2	295/2	0.5	0	0	Chord	6/8	1	1	1/8		1/8	1	571		articStaccatoAbove					
51	50	297/2	297/2	0.5	1/4	1/4	Chord	6/8	1	1	1/8		1/8	1	572		articStaccatoAbove					
51	50	149	149	0.5	3/8	3/8	Chord	6/8	1	1	1/8		1/8	1	573		articStaccatoAbove					
51	50	150	150	0.5	5/8	5/8	Chord	6/8	1	1	1/8		1/8	1	574		articStaccatoAbove					
51	50	295/2	295/2	0.0	0	0	Spanner	6/8	2	1	0											
51	50	295/2	295/2	0.25	0	0	Chord	6/8	2	1	1/16		1/16	1	575							
51	50	591/4	591/4	0.25	1/16	1/16	Chord	6/8	2	1	1/16		1/16	1	576							
51	50	148	148	0.25	1/8	1/8	Chord	6/8	2	1	1/16		1/16	1	577							
51	50	593/4	593/4	0.25	3/16	3/16	Chord	6/8	2	1	1/16		1/16	1	578							
51	50	297/2	297/2	0.25	1/4	1/4	Chord	6/8	2	1	1/16		1/16	1	579							
51	50	595/4	595/4	0.25	5/16	5/16	Chord	6/8	2	1	1/16		1/16	1	580							
51	50	149	149	0.25	3/8	3/8	Chord	6/8	2	1	1/16		1/16	1	581							
51	50	597/4	597/4	0.25	7/16	7/16	Chord	6/8	2	1	1/16		1/16	1	582							
51	50	299/2	299/2	0.25	1/2	1/2	Chord	6/8	2	1	1/16		1/16	1	583							
51	50	599/4	599/4	0.25	9/16	9/16	Chord	6/8	2	1	1/16		1/16	1	584							
51	50	150	150	0.25	5/8	5/8	Chord	6/8	2	1	1/16		1/16	1	585							
51	50	601/4	601/4	0.25	11/16	11/16	Chord	6/8	2	1	1/16		1/16	1	586							
52	51	301/2	301/2	0.0	0	0	Dynamic	6/8	1	1	0					pp						
52	51	301/2	301/2	0.5	0	0	Chord	6/8	1	1	1/8		1/8	1	587		articStaccatoAbove					
52	51	303/2	303/2	0.5	1/4	1/4	Chord	6/8	1	1	1/8		1/8	1	588		articStaccatoAbove					
52	51	152	152	0.5	3/8	3/8	Chord	6/8	1	1	1/8		1/8	1	589		articStaccatoAbove					
52	51	153	153	0.5	5/8	5/8	Chord	6/8	1	1	1/8		1/8	1	590		articStaccatoAbove					
52	51	301/2	301/2	0.25	0	0	Chord	6/8	2	1	1/16		1/16	1	591							
52	51	603/4	603/4	0.25	1/16	1/16	Chord	6/8	2	1	1/16		1/16	1	592							
52	51	151	151	0.25	1/8	1/8	Chord	6/8	2	1	1/16		1/16	1	593							
52	51	605/4	605/4	0.25	3/16	3/16	Chord	6/8	2	1	1/16		1/16	1	594							
52	51	303/2	303/2	0.25	1/4	1/4	Chord	6/8	2	1	1/16		1/16	1	595							
52	51	607/4	607/4	0.25	5/16	5/16	Chord	6/8	2	1	1/16		1/16	1	596							
52	51	152	152	0.25	3/8	3/8	Chord	6/8	2	1	1/16		1/16	1	597							
52	51	609/4	609/4	0.25	7/16	7/16	Chord	6/8	2	1	1/16		1/16	1	598							
52	51	305/2	305/2	0.25	1/2	1/2	Chord	6/8	2	1	1/16		1/16	1	599							
52	51	611/4	611/4	0.25	9/16	9/16	Chord	6/8	2	1	1/16		1/16	1	600							
52	51	153	153	0.25	5/8	5/8	Chord	6/8	2	1	1/16		1/16	1	601							
52	51	613/4	613/4	0.25	11/16	11/16	Chord	6/8	2	1	1/16		1/16	1	602							
53	52	307/2	307/2	0.5	0	0	Chord	6/8	1	1	1/8		1/8	1	603		articStaccatoAbove					
53	52	309/2	309/2	0.5	1/4	1/4	Chord	6/8	1	1	1/8		1/8	1	604		articStaccatoAbove					
53	52	155	155	0.5	3/8	3/8	Chord	6/8	1	1	1/8		1/8	1	605		articStaccatoAbove					
53	52	156	156	0.5	5/8	5/8	Chord	6/8	1	1	1/8		1/8	1	606		articStaccatoAbove					
53	52	307/2	307/2	0.25	0	0	Chord	6/8	2	1	1/16		1/16	1	607							
53	52	615/4	615/4	0.25	1/16	1/16	Chord	6/8	2	1	1/16		1/16	1	608							
53	52	154	154	0.25	1/8	1/8	Chord	6/8	2	1	1/16		1/16	1	609							
53	52	617/4	617/4	0.25	3/16	3/16	Chord	6/8	2	1	1/16		1/16	1	610							
53	52	309/2	309/2	0.25	1/4	1/4	Chord	6/8	2	1	1/16		1/16	1	611							
53	52	619/4	619/4	0.25	5/16	5/16	Chord	6/8	2	1	1/16		1/16	1	612							
53	52	155	155	0.25	3/8	3/8	Chord	6/8	2	1	1/16		1/16	1	613							
53	52	621/4	621/4	0.25	7/16	7/16	Chord	6/8	2	1	1/16		1/16	1	614							
53	52	311/2	311/2	0.25	1/2	1/2	Chord	6/8	2	1	1/16		1/16	1	615							
53	52	623/4	623/4	0.25	9/16	9/16	Chord	6/8	2	1	1/16		1/16	1	616							
53	52	156	156	0.25	5/8	5/8	Chord	6/8	2	1	1/16		1/16	1	617							
53	52	625/4	625/4	0.25	11/16	11/16	Chord	6/8	2	1	1/16		1/16	1	618							
54	53	313/2	313/2	0.5	0	0	Chord	6/8	1	1	1/8		1/8	1	619		articStaccatoAbove					
54	53	315/2	315/2	0.5	1/4	1/4	Chord	6/8	1	1	1/8		1/8	1	620		articStaccatoAbove					
54	53	158	158	0.5	3/8	3/8	Chord	6/8	1	1	1/8		1/8	1	621		articStaccatoAbove					
54	53	159	159	0.5	5/8	5/8	Chord	6/8	1	1	1/8		1/8	1	622		articStaccatoAbove					
54	53	313/2	313/2	0.25	0	0	Chord	6/8	2	1	1/16		1/16	1	623							
54	53	627/4	627/4	0.25	1/16	1/16	Chord	6/8	2	1	1/16		1/16	1	624							
54	53	157	157	0.25	1/8	1/8	Chord	6/8	2	1	1/16		1/16	1	625							
54	53	629/4	629/4	0.25	3/16	3/16	Chord	6/8	2	1	1/16		1/16	1	626							
54	53	315/2	315/2	0.25	1/4	1/4	Chord	6/8	2	1	1/16		1/16	1	627							
54	53	631/4	631/4	0.25	5/16	5/16	Chord	6/8	2	1	1/16		1/16	1	628							
54	53	158	158	0.25	3/8	3/8	Chord	6/8	2	1	1/16		1/16	1	629							
54	53	633/4	633/4	0.25	7/16	7/16	Chord	6/8	2	1	1/16		1/16	1	630							
54	53	317/2	317/2	0.25	1/2	1/2	Chord	6/8	2	1	1/16		1/16	1	631							
54	53	635/4	635/4	0.25	9/16	9/16	Chord	6/8	2	1	1/16		1/16	1	632							
54	53	159	159	0.25	5/8	5/8	Chord	6/8	2	1	1/16		1/16	1	633							
54	53	637/4	637/4	0.25	11/16	11/16	Chord	6/8	2	1	1/16		1/16	1	634							
55	54	319/2	319/2	0.0	0	0	Spanner	6/8	1	1	0											4
55	54	319/2	319/2	0.5	0	0	Chord	6/8	1	1	1/8		1/8	1	635		articAccentAbove					4
55	54	321/2	321/2	0.5	1/4	1/4	Chord	6/8	1	1	1/8		1/8	1	636		articAccentAbove					4
55	54	161	161	0.5	3/8	3/8	Chord	6/8	1	1	1/8		1/8	1	637		articAccentAbove					4
55	54	162	162	0.5	5/8	5/8	Chord	6/8	1	1	1/8		1/8	1	638		articAccentAbove					4
55	54	319/2	319/2	0.25	0	0	Chord	6/8	2	1	1/16		1/16	1	639		articAccentAbove					
55	54	639/4	639/4	0.25	1/16	1/16	Chord	6/8	2	1	1/16		1/16	1	640							
55	54	160	160	0.25	1/8	1/8	Chord	6/8	2	1	1/16		1/16	1	641							
55	54	641/4	641/4	0.25	3/16	3/16	Chord	6/8	2	1	1/16		1/16	1	642							
55	54	321/2	321/2	0.25	1/4	1/4	Chord	6/8	2	1	1/16		1/16	1	643		articAccentAbove					
55	54	643/4	643/4	0.25	5/16	5/16	Chord	6/8	2	1	1/16		1/16	1	644							
55	54	161	161	0.25	3/8	3/8	Chord	6/8	2	1	1/16		1/16	1	645		articAccentAbove					
55	54	645/4	645/4	0.25	7/16	7/16	Chord	6/8	2	1	1/16		1/16	1	646							
55	54	323/2	323/2	0.25	1/2	1/2	Chord	6/8	2	1	1/16		1/16	1	647							
55	54	647/4	647/4	0.25	9/16	9/16	Chord	6/8	2	1	1/16		1/16	1	648							
55	54	162	162	0.25	5/8	5/8	Chord	6/8	2	1	1/16		1/16	1	649		articAccentAbove					
55	54	649/4	649/4	0.25	11/16	11/16	Chord	6/8	2	1	1/16		1/16	1	650							
56	55	325/2	325/2	0.0	0	0	Dynamic	6/8	1	1	0					ff						
56	55	325/2	325/2	0.0	0	0	Spanner	6/8	1	1	0											
56	55	325/2	325/2	1.0	0	0	Chord	6/8	1	1	1/4		1/4	1	651				18			
56	55	327/2	327/2	0.5	1/4	1/4	Chord	6/8	1	1	1/8		1/8	1	652				18			
56	55	164	164	1.0	3/8	3/8	Chord	6/8	1	1	1/4		1/4	1	653				18			
56	55	165	165	0.5	5/8	5/8	Chord	6/8	1	1	1/8		1/8	1	654				18			
56	55	325/2	325/2	0.25	0	0	Chord	6/8	2	1	1/16		1/16	1	655				19			
56	55	651/4	651/4	0.25	1/16	1/16	Chord	6/8	2	1	1/16		1/16	1	656				19			
56	55	163	163	0.25	1/8	1/8	Chord	6/8	2	1	1/16		1/16	1	657				19			
56	55	653/4	653/4	0.25	3/16	3/16	Chord	6/8	2	1	1/16		1/16	1	658				19			
56	55	327/2	327/2	0.25	1/4	1/4	Chord	6/8	2	1	1/16		1/16	1	659				19			
56	55	655/4	655/4	0.25	5/16	5/16	Chord	6/8	2	1	1/16		1/16	1	660				19			
56	55	164	164	0.25	3/8	3/8	Chord	6/8	2	1	1/16		1/16	1	661				19			
56	55	657/4	657/4	0.25	7/16	7/16	Chord	6/8	2	1	1/16		1/16	1	662				19			
56	55	329/2	329/2	0.25	1/2	1/2	Chord	6/8	2	1	1/16		1/16	1	663				19			
56	55	659/4	659/4	0.25	9/16	9/16	Chord	6/8	2	1	1/16		1/16	1	664				19			
56	55	165	165	0.25	5/8	5/8	Chord	6/8	2	1	1/16		1/16	1	665				19			
56	55	661/4	661/4	0.25	11/16	11/16	Chord	6/8	2	1	1/16		1/16	1	666							
57	56	331/2	331/2	1.0	0	0	Chord	6/8	1	1	1/4		1/4	1	667				18			
57	56	333/2	333/2	0.5	1/4	1/4	Chord	6/8	1	1	1/8		1/8	1	668				18			
57	56	167	167	1.0	3/8	3/8	Chord	6/8	1	1	1/4		1/4	1	669				18			
57	56	168	168	0.5	5/8	5/8	Chord	6/8	1	1	1/8		1/8	1	670							
57	56	331/2	331/2	0.25	0	0	Chord	6/8	2	1	1/16		1/16	1	671				20			
57	56	663/4	663/4	0.25	1/16	1/16	Chord	6/8	2	1	1/16		1/16	1	672				20			
57	56	166	166	0.25	1/8	1/8	Chord	6/8	2	1	1/16		1/16	1	673				20			
57	56	665/4	665/4	0.25	3/16	3/16	Chord	6/8	2	1	1/16		1/16	1	674				20			
57	56	333/2	333/2	0.25	1/4	1/4	Chord	6/8	2	1	1/16		1/16	1	675				20			
57	56	667/4	667/4	0.25	5/16	5/16	Chord	6/8	2	1	1/16		1/16	1	676				20			
57	56	167	167	0.25	3/8	3/8	Chord	6/8	2	1	1/16		1/16	1	677				20			
57	56	669/4	669/4	0.25	7/16	7/16	Chord	6/8	2	1	1/16		1/16	1	678				20			
57	56	335/2	335/2	0.25	1/2	1/2	Chord	6/8	2	1	1/16		1/16	1	679				20			
57	56	671/4	671/4	0.25	9/16	9/16	Chord	6/8	2	1	1/16		1/16	1	680				20			
57	56	168	168	0.25	5/8	5/8	Chord	6/8	2	1	1/16		1/16	1	681				20			
57	56	673/4	673/4	0.25	11/16	11/16	Chord	6/8	2	1	1/16		1/16	1	682							
58	57	337/2	337/2	0.0	0	0	Dynamic	6/8	1	1	0					p						
58	57	337/2	337/2	0.5	0	0	Chord	6/8	1	1	1/8		1/8	1	683		articStaccatoAbove					
58	57	169	169	0.5	1/8	1/8	Chord	6/8	1	1	1/8		1/8	1	684		articStaccatoAbove					
58	57	339/2	339/2	0.5	1/4	1/4	Chord	6/8	1	1	1/8		1/8	1	685		articStaccatoAbove					
58	57	170	170	0.5	3/8	3/8	Chord	6/8	1	1	1/8		1/8	1	686		articStaccatoAbove					
58	57	341/2	341/2	0.5	1/2	1/2	Chord	6/8	1	1	1/8		1/8	1	687		articStaccatoAbove					
58	57	171	171	0.0	5/8	5/8	Dynamic	6/8	1	1	0					sfz						
58	57	171	171	0.5	5/8	5/8	Chord	6/8	1	1	1/8		1/8	1	688							
58	57	337/2	337/2	0.5	0	0	Chord	6/8	2	1	1/8		1/8	1	689							
58	57	169	169	0.5	1/8	1/8	Chord	6/8	2	1	1/8		1/8	1	690		articStaccatoBelow					
58	57	339/2	339/2	0.5	1/4	1/4	Chord	6/8	2	1	1/8		1/8	1	691		articStaccatoBelow					
58	57	170	170	0.5	3/8	3/8	Chord	6/8	2	1	1/8		1/8	1	692		articStaccatoBelow					
58	57	341/2	341/2	0.5	1/2	1/2	Chord	6/8	2	1	1/8		1/8	1	693		articStaccatoBelow					
58	57	171	171	0.5	5/8	5/8	Chord	6/8	2	1	1/8		1/8	1	694							
59	58	343/2	343/2	0.0	0	0	Dynamic	6/8	1	1	0					p						
59	58	343/2	343/2	0.5	0	0	Chord	6/8	1	1	1/8		1/8	1	695		articStaccatoAbove					
59	58	172	172	0.5	1/8	1/8	Chord	6/8	1	1	1/8		1/8	1	696		articStaccatoAbove					
59	58	345/2	345/2	0.5	1/4	1/4	Chord	6/8	1	1	1/8		1/8	1	697		articStaccatoAbove					
59	58	173	173	0.5	3/8	3/8	Chord	6/8	1	1	1/8		1/8	1	698		articStaccatoAbove					
59	58	347/2	347/2	0.5	1/2	1/2	Chord	6/8	1	1	1/8		1/8	1	699		articStaccatoAbove					
59	58	174	174	0.0	5/8	5/8	Dynamic	6/8	1	1	0					sfz						
59	58	174	174	0.5	5/8	5/8	Chord	6/8	1	1	1/8		1/8	1	700							
59	58	343/2	343/2	0.5	0	0	Chord	6/8	2	1	1/8		1/8	1	701		articStaccatoAbove					
59	58	172	172	0.5	1/8	1/8	Chord	6/8	2	1	1/8		1/8	1	702		articStaccatoAbove					
59	58	345/2	345/2	0.5	1/4	1/4	Chord	6/8	2	1	1/8		1/8	1	703		articStaccatoAbove					
59	58	173	173	0.5	3/8	3/8	Chord	6/8	2	1	1/8		1/8	1	704		articStaccatoAbove					
59	58	347/2	347/2	0.5	1/2	1/2	Chord	6/8	2	1	1/8		1/8	1	705		articStaccatoAbove					
59	58	174	174	0.5	5/8	5/8	Chord	6/8	2	1	1/8		1/8	1	706							
60	59	349/2	349/2	0.0	0	0	Dynamic	6/8	1	1	0					p						
60	59	349/2	349/2	0.0	0	0	Spanner	6/8	1	1	0											5
60	59	349/2	349/2	0.5	0	0	Chord	6/8	1	1	1/8		1/8	1	707		articStaccatoAbove					5
60	59	175	175	0.5	1/8	1/8	Chord	6/8	1	1	1/8		1/8	1	708		articStaccatoAbove					5
60	59	351/2	351/2	0.5	1/4	1/4	Chord	6/8	1	1	1/8		1/8	1	709		articStaccatoAbove					5
60	59	176	176	0.5	3/8	3/8	Chord	6/8	1	1	1/8		1/8	1	710		articStaccatoAbove					5
60	59	353/2	353/2	0.5	1/2	1/2	Chord	6/8	1	1	1/8		1/8	1	711		articStaccatoAbove					5
60	59	177	177	0.0	5/8	5/8	Dynamic	6/8	1	1	0					ff						
60	59	177	177	0.0	5/8	5/8	Spanner	6/8	1	1	0											
60	59	177	177	0.5	5/8	5/8	Chord	6/8	1	1	1/8		1/8	1	712		articAccentAbove					
60	59	349/2	349/2	0.5	0	0	Chord	6/8	2	1	1/8		1/8	1	713		articStaccatoAbove					
60	59	175	175	0.5	1/8	1/8	Chord	6/8	2	1	1/8		1/8	1	714		articStaccatoAbove					
60	59	351/2	351/2	0.5	1/4	1/4	Chord	6/8	2	1	1/8		1/8	1	715		articStaccatoAbove					
60	59	176	176	0.5	3/8	3/8	Chord	6/8	2	1	1/8		1/8	1	716		articStaccatoAbove					
60	59	353/2	353/2	0.5	1/2	1/2	Chord	6/8	2	1	1/8		1/8	1	717		articStaccatoAbove					
60	59	177	177	0.5	5/8	5/8	Chord	6/8	2	1	1/8		1/8	1	718		articAccentAbove					
61	60	355/2	355/2	0.5	0	0	Chord	6/8	1	1	1/8		1/8	1	719		articAccentAbove					
61	60	178	178	0.5	1/8	1/8	Chord	6/8	1	1	1/8		1/8	1	720		articAccentAbove					
61	60	357/2	357/2	0.5	1/4	1/4	Chord	6/8	1	1	1/8		1/8	1	721		articAccentAbove					
61	60	179	179	0.5	3/8	3/8	Chord	6/8	1	1	1/8		1/8	1	722		articAccentAbove					
61	60	359/2	359/2	0.5	1/2	1/2	Chord	6/8	1	1	1/8		1/8	1	723		articAccentAbove					
61	60	180	180	0.5	5/8	5/8	Chord	6/8	1	1	1/8		1/8	1	724		articAccentAbove					
61	60	355/2	355/2	0.5	0	0	Chord	6/8	2	1	1/8		1/8	1	725		articAccentAbove					
61	60	178	178	0.5	1/8	1/8	Chord	6/8	2	1	1/8		1/8	1	726		articAccentAbove					
61	60	357/2	357/2	0.5	1/4	1/4	Chord	6/8	2	1	1/8		1/8	1	727		articAccentAbove					
61	60	179	179	0.5	3/8	3/8	Chord	6/8	2	1	1/8		1/8	1	728		articAccentAbove					
61	60	359/2	359/2	0.5	1/2	1/2	Chord	6/8	2	1	1/8		1/8	1	729		articAccentAbove					
61	60	180	180	0.5	5/8	5/8	Chord	6/8	2	1	1/8		1/8	1	730		articAccentAbove					
62	61	361/2	361/2	0.5	0	0	Chord	6/8	1	1	1/8		1/8	1	731		articAccentBelow					
62	61	181	181	0.5	1/8	1/8	Chord	6/8	1	1	1/8		1/8	1	732		articAccentBelow					
62	61	363/2	363/2	0.5	1/4	1/4	Chord	6/8	1	1	1/8		1/8	1	733		articAccentBelow					
62	61	182	182	0.375	3/8	3/8	Chord	6/8	1	1	3/32		1/8	3/4	734		articAccentBelow					
62	61	1459/8	1459/8	0.375	15/32	15/32	Chord	6/8	1	1	3/32		1/8	3/4	735		articAccentBelow					
62	61	731/4	731/4	0.375	9/16	9/16	Chord	6/8	1	1	3/32		1/8	3/4	736		articAccentBelow					
62	61	1465/8	1465/8	0.375	21/32	21/32	Chord	6/8	1	1	3/32		1/8	3/4	737		articAccentBelow					
62	61	361/2	361/2	0.5	0	0	Chord	6/8	2	1	1/8		1/8	1	738		articAccentBelow					
62	61	181	181	0.5	1/8	1/8	Chord	6/8	2	1	1/8		1/8	1	739		articAccentBelow					
62	61	363/2	363/2	0.5	1/4	1/4	Chord	6/8	2	1	1/8		1/8	1	740		articAccentBelow					
62	61	182	182	0.375	3/8	3/8	Chord	6/8	2	1	3/32		1/8	3/4	741		articAccentBelow					
62	61	1459/8	1459/8	0.375	15/32	15/32	Chord	6/8	2	1	3/32		1/8	3/4	742		articAccentBelow					
62	61	731/4	731/4	0.375	9/16	9/16	Chord	6/8	2	1	3/32		1/8	3/4	743		articAccentBelow					
62	61	1465/8	1465/8	0.375	21/32	21/32	Chord	6/8	2	1	3/32		1/8	3/4	744		articAccentBelow					
63	62	367/2	367/2	0.0	0	0	Dynamic	6/8	1	1	0					ff						
63	62	367/2	367/2	0.5	0	0	Chord	6/8	1	1	1/8		1/8	1	745		articAccentBelow					
63	62	185	185	0.5	3/8	3/8	Chord	6/8	1	1	1/8		1/8	1	746		articAccentAbove					
63	62	367/2	367/2	0.5	0	0	Chord	6/8	2	1	1/8		1/8	1	747		articAccentBelow					
63	62	185	185	0.5	3/8	3/8	Chord	6/8	2	1	1/8		1/8	1	748		articAccentAbove					
64	63	373/2	373/2	0.5	0	0	Chord	6/8	1	1	1/8		1/8	1	749		articAccentBelow					
64	63	188	188	0.5	3/8	3/8	Chord	6/8	1	1	1/8		1/8	1	750		articAccentAbove					
64	63	373/2	373/2	0.5	0	0	Chord	6/8	2	1	1/8		1/8	1	751		articAccentBelow					
64	63	188	188	0.5	3/8	3/8	Chord	6/8	2	1	1/8		1/8	1	752		articAccentAbove					
65	64	379/2	379/2	0.5	0	0	Chord	6/8	1	1	1/8		1/8	1	753		articAccentBelow					
65	64	191	191	0.5	3/8	3/8	Chord	6/8	1	1	1/8		1/8	1	754		articAccentAbove					
65	64	192	192	0.0	5/8	5/8	Dynamic	6/8	1	1	0					f						
65	64	192	192	0.5	5/8	5/8	Chord	6/8	1	1	1/8		1/8	1	755				21			
65	64	379/2	379/2	0.5	0	0	Chord	6/8	2	1	1/8		1/8	1	756		articAccentBelow					
65	64	191	191	0.5	3/8	3/8	Chord	6/8	2	1	1/8		1/8	1	757		articAccentAbove					
66	65	385/2	385/2	0.0	0	0	Spanner	6/8	1	1	0								21			6
66	65	385/2	385/2	1.0	0	0	Chord	6/8	1	1	1/4		1/4	1	758				21			6
66	65	387/2	387/2	0.5	1/4	1/4	Chord	6/8	1	1	1/8		1/8	1	759				21			6
66	65	194	194	1.0	3/8	3/8	Chord	6/8	1	1	1/4		1/4	1	760				21			6
66	65	195	195	0.5	5/8	5/8	Chord	6/8	1	1	1/8		1/8	1	761				21			6
66	65	385/2	385/2	0.25	0	0	Chord	6/8	2	1	1/16		1/16	1	762				22			
66	65	771/4	771/4	0.25	1/16	1/16	Chord	6/8	2	1	1/16		1/16	1	763				22			
66	65	193	193	0.25	1/8	1/8	Chord	6/8	2	1	1/16		1/16	1	764				22			
66	65	773/4	773/4	0.25	3/16	3/16	Chord	6/8	2	1	1/16		1/16	1	765				22			
66	65	387/2	387/2	0.25	1/4	1/4	Chord	6/8	2	1	1/16		1/16	1	766				22			
66	65	775/4	775/4	0.25	5/16	5/16	Chord	6/8	2	1	1/16		1/16	1	767				22			
66	65	194	194	0.25	3/8	3/8	Chord	6/8	2	1	1/16		1/16	1	768				22			
66	65	777/4	777/4	0.25	7/16	7/16	Chord	6/8	2	1	1/16		1/16	1	769				22			
66	65	389/2	389/2	0.25	1/2	1/2	Chord	6/8	2	1	1/16		1/16	1	770				22			
66	65	779/4	779/4	0.25	9/16	9/16	Chord	6/8	2	1	1/16		1/16	1	771				22			
66	65	195	195	0.25	5/8	5/8	Chord	6/8	2	1	1/16		1/16	1	772				22			
66	65	781/4	781/4	0.25	11/16	11/16	Chord	6/8	2	1	1/16		1/16	1	773				22			
67	66	391/2	391/2	1.0	0	0	Chord	6/8	1	1	1/4		1/4	1	774				21			6
67	66	393/2	393/2	0.5	1/4	1/4	Chord	6/8	1	1	1/8		1/8	1	775				21			6
67	66	197	197	0.0	3/8	3/8	Dynamic	6/8	1	1	0					sfz			21			
67	66	197	197	0.0	3/8	3/8	Spanner	6/8	1	1	0								21			
67	66	197	197	0.0	3/8	3/8	Spanner	6/8	1	1	0								21		1	
67	66	197	197	1.0	3/8	3/8	Chord	6/8	1	1	1/4		1/4	1	776				21		1	
67	66	198	198	0.5	5/8	5/8	Chord	6/8	1	1	1/8		1/8	1	777		articStaccatoAbove				1	
67	66	391/2	391/2	0.25	0	0	Chord	6/8	2	1	1/16		1/16	1	778				22			
67	66	783/4	783/4	0.25	1/16	1/16	Chord	6/8	2	1	1/16		1/16	1	779				22			
67	66	196	196	0.25	1/8	1/8	Chord	6/8	2	1	1/16		1/16	1	780				22			
67	66	785/4	785/4	0.25	3/16	3/16	Chord	6/8	2	1	1/16		1/16	1	781				22			
67	66	393/2	393/2	0.25	1/4	1/4	Chord	6/8	2	1	1/16		1/16	1	782				22			
67	66	787/4	787/4	0.25	5/16	5/16	Chord	6/8	2	1	1/16		1/16	1	783							
67	66	197	197	0.25	3/8	3/8	Chord	6/8	2	1	1/16		1/16	1	784				23			
67	66	789/4	789/4	0.25	7/16	7/16	Chord	6/8	2	1	1/16		1/16	1	785				23			
67	66	395/2	395/2	0.25	1/2	1/2	Chord	6/8	2	1	1/16		1/16	1	786				23			
67	66	791/4	791/4	0.25	9/16	9/16	Chord	6/8	2	1	1/16		1/16	1	787				23			
67	66	198	198	0.25	5/8	5/8	Chord	6/8	2	1	1/16		1/16	1	788				23			
67	66	793/4	793/4	0.25	11/16	11/16	Chord	6/8	2	1	1/16		1/16	1	789							
68	67	397/2	397/2	0.0	0	0	Spanner	6/8	1	1	0											
68	67	397/2	397/2	0.0	0	0	Spanner	6/8	1	1	0											7
68	67	397/2	397/2	1.0	0	0	Chord	6/8	1	1	1/4		1/4	1	790				24			7
68	67	399/2	399/2	0.5	1/4	1/4	Chord	6/8	1	1	1/8		1/8	1	791				24			7
68	67	200	200	1.0	3/8	3/8	Chord	6/8	1	1	1/4		1/4	1	792				24			7
68	67	201	201	0.5	5/8	5/8	Chord	6/8	1	1	1/8		1/8	1	793				24			7
68	67	397/2	397/2	0.25	0	0	Chord	6/8	2	1	1/16		1/16	1	794				25			
68	67	795/4	795/4	0.25	1/16	1/16	Chord	6/8	2	1	1/16		1/16	1	795				25			
68	67	199	199	0.25	1/8	1/8	Chord	6/8	2	1	1/16		1/16	1	796				25			
68	67	797/4	797/4	0.25	3/16	3/16	Chord	6/8	2	1	1/16		1/16	1	797				25			
68	67	399/2	399/2	0.25	1/4	1/4	Chord	6/8	2	1	1/16		1/16	1	798				25			
68	67	799/4	799/4	0.25	5/16	5/16	Chord	6/8	2	1	1/16		1/16	1	799				25			
68	67	200	200	0.25	3/8	3/8	Chord	6/8	2	1	1/16		1/16	1	800				25			
68	67	801/4	801/4	0.25	7/16	7/16	Chord	6/8	2	1	1/16		1/16	1	801				25			
68	67	401/2	401/2	0.25	1/2	1/2	Chord	6/8	2	1	1/16		1/16	1	802				25			
68	67	803/4	803/4	0.25	9/16	9/16	Chord	6/8	2	1	1/16		1/16	1	803				25			
68	67	201	201	0.25	5/8	5/8	Chord	6/8	2	1	1/16		1/16	1	804				25			
68	67	805/4	805/4	0.25	11/16	11/16	Chord	6/8	2	1	1/16		1/16	1	805				25			
69	68	403/2	403/2	1.0	0	0	Chord	6/8	1	1	1/4		1/4	1	806				24			7
69	68	405/2	405/2	0.5	1/4	1/4	Chord	6/8	1	1	1/8		1/8	1	807				24			7
69	68	203	203	0.0	3/8	3/8	Dynamic	6/8	1	1	0					sfz			24			
69	68	203	203	0.0	3/8	3/8	Spanner	6/8	1	1	0								24			
69	68	203	203	0.0	3/8	3/8	Spanner	6/8	1	1	0								24		2	
69	68	203	203	1.0	3/8	3/8	Chord	6/8	1	1	1/4		1/4	1	808				24		2	
69	68	204	204	0.5	5/8	5/8	Chord	6/8	1	1	1/8		1/8	1	809		articStaccatoAbove				2	
69	68	403/2	403/2	0.25	0	0	Chord	6/8	2	1	1/16		1/16	1	810				25			
69	68	807/4	807/4	0.25	1/16	1/16	Chord	6/8	2	1	1/16		1/16	1	811				25			
69	68	202	202	0.25	1/8	1/8	Chord	6/8	2	1	1/16		1/16	1	812				25			
69	68	809/4	809/4	0.25	3/16	3/16	Chord	6/8	2	1	1/16		1/16	1	813				25			
69	68	405/2	405/2	0.25	1/4	1/4	Chord	6/8	2	1	1/16		1/16	1	814				25			
69	68	811/4	811/4	0.25	5/16	5/16	Chord	6/8	2	1	1/16		1/16	1	815							
69	68	203	203	0.25	3/8	3/8	Chord	6/8	2	1	1/16		1/16	1	816				26			
69	68	813/4	813/4	0.25	7/16	7/16	Chord	6/8	2	1	1/16		1/16	1	817				26			
69	68	407/2	407/2	0.25	1/2	1/2	Chord	6/8	2	1	1/16		1/16	1	818				26			
69	68	815/4	815/4	0.25	9/16	9/16	Chord	6/8	2	1	1/16		1/16	1	819				26			
69	68	204	204	0.25	5/8	5/8	Chord	6/8	2	1	1/16		1/16	1	820				26			
69	68	817/4	817/4	0.25	11/16	11/16	Chord	6/8	2	1	1/16		1/16	1	821							
70	69	409/2	409/2	0.0	0	0	Spanner	6/8	1	1	0											
70	69	409/2	409/2	1.0	0	0	Chord	6/8	1	1	1/4		1/4	1	822		articAccentAbove					
70	69	411/2	411/2	0.5	1/4	1/4	Chord	6/8	1	1	1/8		1/8	1	823							
70	69	206	206	1.0	3/8	3/8	Chord	6/8	1	1	1/4		1/4	1	824		articAccentAbove					
70	69	207	207	0.5	5/8	5/8	Chord	6/8	1	1	1/8		1/8	1	825		articStaccatoAbove					
70	69	409/2	409/2	0.25	0	0	Chord	6/8	2	1	1/16		1/16	1	826				27			
70	69	819/4	819/4	0.25	1/16	1/16	Chord	6/8	2	1	1/16		1/16	1	827				27			
70	69	205	205	0.25	1/8	1/8	Chord	6/8	2	1	1/16		1/16	1	828				27			
70	69	821/4	821/4	0.25	3/16	3/16	Chord	6/8	2	1	1/16		1/16	1	829				27			
70	69	411/2	411/2	0.25	1/4	1/4	Chord	6/8	2	1	1/16		1/16	1	830				27			
70	69	823/4	823/4	0.25	5/16	5/16	Chord	6/8	2	1	1/16		1/16	1	831							
70	69	206	206	0.25	3/8	3/8	Chord	6/8	2	1	1/16		1/16	1	832				28			
70	69	825/4	825/4	0.25	7/16	7/16	Chord	6/8	2	1	1/16		1/16	1	833				28			
70	69	413/2	413/2	0.25	1/2	1/2	Chord	6/8	2	1	1/16		1/16	1	834				28			
70	69	827/4	827/4	0.25	9/16	9/16	Chord	6/8	2	1	1/16		1/16	1	835				28			
70	69	207	207	0.25	5/8	5/8	Chord	6/8	2	1	1/16		1/16	1	836				28			
70	69	829/4	829/4	0.25	11/16	11/16	Chord	6/8	2	1	1/16		1/16	1	837							
71	70	415/2	415/2	1.0	0	0	Chord	6/8	1	1	1/4		1/4	1	838		articAccentAbove					
71	70	417/2	417/2	0.5	1/4	1/4	Chord	6/8	1	1	1/8		1/8	1	839							
71	70	209	209	1.0	3/8	3/8	Chord	6/8	1	1	1/4		1/4	1	840		articAccentAbove					
71	70	210	210	0.5	5/8	5/8	Chord	6/8	1	1	1/8		1/8	1	841		articStaccatoBelow					
71	70	415/2	415/2	0.25	0	0	Chord	6/8	2	1	1/16		1/16	1	842				29			
71	70	831/4	831/4	0.25	1/16	1/16	Chord	6/8	2	1	1/16		1/16	1	843				29			
71	70	208	208	0.25	1/8	1/8	Chord	6/8	2	1	1/16		1/16	1	844				29			
71	70	833/4	833/4	0.25	3/16	3/16	Chord	6/8	2	1	1/16		1/16	1	845				29			
71	70	417/2	417/2	0.25	1/4	1/4	Chord	6/8	2	1	1/16		1/16	1	846				29			
71	70	835/4	835/4	0.25	5/16	5/16	Chord	6/8	2	1	1/16		1/16	1	847							
71	70	209	209	0.25	3/8	3/8	Chord	6/8	2	1	1/16		1/16	1	848				30			
71	70	837/4	837/4	0.25	7/16	7/16	Chord	6/8	2	1	1/16		1/16	1	849				30			
71	70	419/2	419/2	0.25	1/2	1/2	Chord	6/8	2	1	1/16		1/16	1	850				30			
71	70	839/4	839/4	0.25	9/16	9/16	Chord	6/8	2	1	1/16		1/16	1	851				30			
71	70	210	210	0.25	5/8	5/8	Chord	6/8	2	1	1/16		1/16	1	852				30			
71	70	841/4	841/4	0.25	11/16	11/16	Chord	6/8	2	1	1/16		1/16	1	853							
72	71	421/2	421/2	1.0	0	0	Chord	6/8	1	1	1/4		1/4	1	854		articAccentBelow					
72	71	423/2	423/2	0.5	1/4	1/4	Chord	6/8	1	1	1/8		1/8	1	855							
72	71	212	212	1.0	3/8	3/8	Chord	6/8	1	1	1/4		1/4	1	856		articAccentBelow					
72	71	213	213	0.5	5/8	5/8	Chord	6/8	1	1	1/8		1/8	1	857		articStaccatoBelow					
72	71	421/2	421/2	0.25	0	0	Chord	6/8	2	1	1/16		1/16	1	858				31			
72	71	843/4	843/4	0.25	1/16	1/16	Chord	6/8	2	1	1/16		1/16	1	859				31			
72	71	211	211	0.25	1/8	1/8	Chord	6/8	2	1	1/16		1/16	1	860				31			
72	71	845/4	845/4	0.25	3/16	3/16	Chord	6/8	2	1	1/16		1/16	1	861				31			
72	71	423/2	423/2	0.25	1/4	1/4	Chord	6/8	2	1	1/16		1/16	1	862				31			
72	71	847/4	847/4	0.25	5/16	5/16	Chord	6/8	2	1	1/16		1/16	1	863							
72	71	212	212	0.25	3/8	3/8	Chord	6/8	2	1	1/16		1/16	1	864				32			
72	71	849/4	849/4	0.25	7/16	7/16	Chord	6/8	2	1	1/16		1/16	1	865				32			
72	71	425/2	425/2	0.25	1/2	1/2	Chord	6/8	2	1	1/16		1/16	1	866				32			
72	71	851/4	851/4	0.25	9/16	9/16	Chord	6/8	2	1	1/16		1/16	1	867				32			
72	71	213	213	0.25	5/8	5/8	Chord	6/8	2	1	1/16		1/16	1	868				32			
72	71	853/4	853/4	0.25	11/16	11/16	Chord	6/8	2	1	1/16		1/16	1	869							
73	72	427/2	427/2	1.0	0	0	Chord	6/8	1	1	1/4		1/4	1	870		articAccentBelow					
73	72	429/2	429/2	0.5	1/4	1/4	Chord	6/8	1	1	1/8		1/8	1	871							
73	72	215	215	1.0	3/8	3/8	Chord	6/8	1	1	1/4		1/4	1	872		articAccentBelow					
73	72	216	216	0.5	5/8	5/8	Chord	6/8	1	1	1/8		1/8	1	873		articStaccatoAbove					
73	72	427/2	427/2	0.25	0	0	Chord	6/8	2	1	1/16		1/16	1	874				33			
73	72	855/4	855/4	0.25	1/16	1/16	Chord	6/8	2	1	1/16		1/16	1	875				33			
73	72	214	214	0.25	1/8	1/8	Chord	6/8	2	1	1/16		1/16	1	876				33			
73	72	857/4	857/4	0.25	3/16	3/16	Chord	6/8	2	1	1/16		1/16	1	877				33			
73	72	429/2	429/2	0.25	1/4	1/4	Chord	6/8	2	1	1/16		1/16	1	878				33			
73	72	859/4	859/4	0.25	5/16	5/16	Chord	6/8	2	1	1/16		1/16	1	879							
73	72	215	215	0.25	3/8	3/8	Chord	6/8	2	1	1/16		1/16	1	880				34			
73	72	861/4	861/4	0.25	7/16	7/16	Chord	6/8	2	1	1/16		1/16	1	881				34			
73	72	431/2	431/2	0.25	1/2	1/2	Chord	6/8	2	1	1/16		1/16	1	882				34			
73	72	863/4	863/4	0.25	9/16	9/16	Chord	6/8	2	1	1/16		1/16	1	883				34			
73	72	216	216	0.25	5/8	5/8	Chord	6/8	2	1	1/16		1/16	1	884				34			
73	72	865/4	865/4	0.25	11/16	11/16	Chord	6/8	2	1	1/16		1/16	1	885							
74	73	433/2	433/2	0.0	0	0	Dynamic	6/8	1	1	0					f						
74	73	433/2	433/2	0.25	0	0	Chord	6/8	1	1	1/16		1/16	1	886				35			
74	73	867/4	867/4	0.25	1/16	1/16	Chord	6/8	1	1	1/16		1/16	1	887				35			
74	73	217	217	0.0	1/8	1/8	Spanner	6/8	1	1	0								35			8
74	73	217	217	0.25	1/8	1/8	Chord	6/8	1	1	1/16		1/16	1	888				35			8
74	73	869/4	869/4	0.25	3/16	3/16	Chord	6/8	1	1	1/16		1/16	1	889				35			8
74	73	435/2	435/2	0.25	1/4	1/4	Chord	6/8	1	1	1/16		1/16	1	890				35			8
74	73	871/4	871/4	0.25	5/16	5/16	Chord	6/8	1	1	1/16		1/16	1	891				35			8
74	73	218	218	0.25	3/8	3/8	Chord	6/8	1	1	1/16		1/16	1	892				35			8
74	73	873/4	873/4	0.25	7/16	7/16	Chord	6/8	1	1	1/16		1/16	1	893				35			8
74	73	437/2	437/2	0.25	1/2	1/2	Chord	6/8	1	1	1/16		1/16	1	894				35			8
74	73	875/4	875/4	0.25	9/16	9/16	Chord	6/8	1	1	1/16		1/16	1	895				35			8
74	73	219	219	0.25	5/8	5/8	Chord	6/8	1	1	1/16		1/16	1	896				35			8
74	73	877/4	877/4	0.25	11/16	11/16	Chord	6/8	1	1	1/16		1/16	1	897							8
74	73	433/2	433/2	1.0	0	0	Chord	6/8	2	1	1/4		1/4	1	898							
74	73	435/2	435/2	0.5	1/4	1/4	Chord	6/8	2	1	1/8		1/8	1	899							
74	73	218	218	1.0	3/8	3/8	Chord	6/8	2	1	1/4		1/4	1	900							
74	73	219	219	0.5	5/8	5/8	Chord	6/8	2	1	1/8		1/8	1	901							
75	74	439/2	439/2	0.25	0	0	Chord	6/8	1	1	1/16		1/16	1	902				36			8
75	74	879/4	879/4	0.25	1/16	1/16	Chord	6/8	1	1	1/16		1/16	1	903				36			8
75	74	220	220	0.25	1/8	1/8	Chord	6/8	1	1	1/16		1/16	1	904				36			8
75	74	881/4	881/4	0.25	3/16	3/16	Chord	6/8	1	1	1/16		1/16	1	905				36			8
75	74	441/2	441/2	0.25	1/4	1/4	Chord	6/8	1	1	1/16		1/16	1	906				36			8
75	74	883/4	883/4	0.25	5/16	5/16	Chord	6/8	1	1	1/16		1/16	1	907				36			8
75	74	221	221	0.25	3/8	3/8	Chord	6/8	1	1	1/16		1/16	1	908				36			8
75	74	885/4	885/4	0.25	7/16	7/16	Chord	6/8	1	1	1/16		1/16	1	909				36			8
75	74	443/2	443/2	0.25	1/2	1/2	Chord	6/8	1	1	1/16		1/16	1	910				36			8
75	74	887/4	887/4	0.25	9/16	9/16	Chord	6/8	1	1	1/16		1/16	1	911				36			8
75	74	222	222	0.25	5/8	5/8	Chord	6/8	1	1	1/16		1/16	1	912				36			8
75	74	889/4	889/4	0.25	11/16	11/16	Chord	6/8	1	1	1/16		1/16	1	913							8
75	74	439/2	439/2	1.0	0	0	Chord	6/8	2	1	1/4		1/4	1	914							
75	74	441/2	441/2	0.5	1/4	1/4	Chord	6/8	2	1	1/8		1/8	1	915							
75	74	221	221	1.0	3/8	3/8	Chord	6/8	2	1	1/4		1/4	1	916							
75	74	222	222	0.5	5/8	5/8	Chord	6/8	2	1	1/8		1/8	1	917							
76	75	445/2	445/2	0.0	0	0	Spanner	6/8	1	1	0											
76	75	445/2	445/2	0.25	0	0	Chord	6/8	1	1	1/16		1/16	1	918				37			
76	75	891/4	891/4	0.25	1/16	1/16	Chord	6/8	1	1	1/16		1/16	1	919				37			
76	75	223	223	0.25	1/8	1/8	Chord	6/8	1	1	1/16		1/16	1	920				37			
76	75	893/4	893/4	0.25	3/16	3/16	Chord	6/8	1	1	1/16		1/16	1	921				37			
76	75	447/2	447/2	0.25	1/4	1/4	Chord	6/8	1	1	1/16		1/16	1	922				37			
76	75	895/4	895/4	0.25	5/16	5/16	Chord	6/8	1	1	1/16		1/16	1	923				37			
76	75	224	224	0.0	3/8	3/8	Spanner	6/8	1	1	0								37			9
76	75	224	224	0.25	3/8	3/8	Chord	6/8	1	1	1/16		1/16	1	924				37			9
76	75	897/4	897/4	0.25	7/16	7/16	Chord	6/8	1	1	1/16		1/16	1	925				37			9
76	75	449/2	449/2	0.25	1/2	1/2	Chord	6/8	1	1	1/16		1/16	1	926				37			9
76	75	899/4	899/4	0.25	9/16	9/16	Chord	6/8	1	1	1/16		1/16	1	927				37			9
76	75	225	225	0.25	5/8	5/8	Chord	6/8	1	1	1/16		1/16	1	928				37			9
76	75	901/4	901/4	0.25	11/16	11/16	Chord	6/8	1	1	1/16		1/16	1	929				37			9
76	75	445/2	445/2	1.0	0	0	Chord	6/8	2	1	1/4		1/4	1	930							
76	75	447/2	447/2	0.5	1/4	1/4	Chord	6/8	2	1	1/8		1/8	1	931							
76	75	224	224	1.0	3/8	3/8	Chord	6/8	2	1	1/4		1/4	1	932							
76	75	225	225	0.5	5/8	5/8	Chord	6/8	2	1	1/8		1/8	1	933							
77	76	451/2	451/2	0.25	0	0	Chord	6/8	1	1	1/16		1/16	1	934				37			9
77	76	903/4	903/4	0.25	1/16	1/16	Chord	6/8	1	1	1/16		1/16	1	935				37			9
77	76	226	226	0.25	1/8	1/8	Chord	6/8	1	1	1/16		1/16	1	936				37			9
77	76	905/4	905/4	0.25	3/16	3/16	Chord	6/8	1	1	1/16		1/16	1	937				37			9
77	76	453/2	453/2	0.25	1/4	1/4	Chord	6/8	1	1	1/16		1/16	1	938				37			9
77	76	907/4	907/4	0.25	5/16	5/16	Chord	6/8	1	1	1/16		1/16	1	939				37			9
77	76	227	227	0.25	3/8	3/8	Chord	6/8	1	1	1/16		1/16	1	940				37			9
77	76	909/4	909/4	0.25	7/16	7/16	Chord	6/8	1	1	1/16		1/16	1	941				37			9
77	76	455/2	455/2	0.25	1/2	1/2	Chord	6/8	1	1	1/16		1/16	1	942				37			9
77	76	911/4	911/4	0.25	9/16	9/16	Chord	6/8	1	1	1/16		1/16	1	943				37			9
77	76	228	228	0.25	5/8	5/8	Chord	6/8	1	1	1/16		1/16	1	944				37			9
77	76	913/4	913/4	0.25	11/16	11/16	Chord	6/8	1	1	1/16		1/16	1	945				37			9
77	76	451/2	451/2	1.0	0	0	Chord	6/8	2	1	1/4		1/4	1	946							
77	76	453/2	453/2	0.5	1/4	1/4	Chord	6/8	2	1	1/8		1/8	1	947							
77	76	227	227	1.0	3/8	3/8	Chord	6/8	2	1	1/4		1/4	1	948							
77	76	228	228	0.5	5/8	5/8	Chord	6/8	2	1	1/8		1/8	1	949							
78	77	457/2	457/2	0.0	0	0	Dynamic	6/8	1	1	0					ff						
78	77	457/2	457/2	0.0	0	0	Spanner	6/8	1	1	0											
78	77	457/2	457/2	0.5	0	0	Chord	6/8	1	1	1/8		1/8	1	950							
78	77	230	230	0.5	3/8	3/8	Chord	6/8	1	1	1/8		1/8	1	951							
78	77	457/2	457/2	0.5	0	0	Chord	6/8	2	1	1/8		1/8	1	952							
78	77	230	230	0.5	3/8	3/8	Chord	6/8	2	1	1/8		1/8	1	953							
79	78	463/2	463/2	3.0	0	0	Chord	6/8	1	1	3/4		1/2	3/2	954							
79	78	463/2	463/2	0.0	0	0	Chord	6/8	2	1	0	acciaccatura	1/8	1	955							
79	78	463/2	463/2	3.0	0	0	Chord	6/8	2	1	3/4		1/2	3/2	956							
